{"timestamp":"2026-09-24T07:42:07.656Z","event":"auth.logout","actorId":"2","actorUsername":"test","actorEmail":"test@gmail.com","ip":"::1"}
{"timestamp":"2026-09-24T07:42:09.233Z","event":"auth.login_succeeded","userId":"2","username":"test","email":"test@gmail.com","ip":"::1"}
{"timestamp":"2026-09-24T09:55:15.713Z","event":"file.uploaded","actorId":"2","actorUsername":"test","actorEmail":"test@gmail.com","ip":"::1","fileId":"4","fileName":"IMG_3676.JPG","size":8583091}
{"timestamp":"2026-09-24T09:55:21.141Z","event":"file.downloaded","actorId":"2","actorUsername":"test","actorEmail":"test@gmail.com","ip":"::1","fileId":"4","fileName":"IMG_3676.JPG","ownerId":"2","size":8583091}
{"timestamp":"2026-09-24T10:25:40.178Z","event":"file.uploaded","actorId":"2","actorUsername":"test","actorEmail":"test@gmail.com","ip":"::1","fileId":"5","fileName":"IMG_3626 - Copy.JPG","size":7256490}
{"timestamp":"2026-09-24T10:25:40.180Z","event":"file.uploaded","actorId":"2","actorUsername":"test","actorEmail":"test@gmail.com","ip":"::1","fileId":"6","fileName":"IMG_3626.JPG","size":7256490}
{"timestamp":"2026-09-24T10:25:40.181Z","event":"file.uploaded","actorId":"2","actorUsername":"test","actorEmail":"test@gmail.com","ip":"::1","fileId":"7","fileName":"IMG_3627 - Copy.JPG","size":6389980}
{"timestamp":"2026-09-24T10:25:40.181Z","event":"file.uploaded","actorId":"2","actorUsername":"test","actorEmail":"test@gmail.com","ip":"::1","fileId":"8","fileName":"IMG_3627.JPG","size":6389980}
{"timestamp":"2026-09-24T10:25:40.182Z","event":"file.uploaded","actorId":"2","actorUsername":"test","actorEmail":"test@gmail.com","ip":"::1","fileId":"9","fileName":"IMG_3628 - Copy.JPG","size":9451051}
{"timestamp":"2026-09-24T10:25:40.182Z","event":"file.uploaded","actorId":"2","actorUsername":"test","actorEmail":"test@gmail.com","ip":"::1","fileId":"10","fileName":"IMG_3628.JPG","size":9451051}
{"timestamp":"2026-09-24T10:25:40.183Z","event":"file.uploaded","actorId":"2","actorUsername":"test","actorEmail":"test@gmail.com","ip":"::1","fileId":"11","fileName":"IMG_3629 - Copy.JPG","size":9644161}
{"timestamp":"2026-09-24T10:25:40.184Z","event":"file.uploaded","actorId":"2","actorUsername":"test","actorEmail":"test@gmail.com","ip":"::1","fileId":"12","fileName":"IMG_3629.JPG","size":9644161}
{"timestamp":"2026-09-24T10:25:40.184Z","event":"file.uploaded","actorId":"2","actorUsername":"test","actorEmail":"test@gmail.com","ip":"::1","fileId":"13","fileName":"IMG_3630 - Copy.JPG","size":9817555}
{"timestamp":"2026-09-24T10:25:40.185Z","event":"file.uploaded","actorId":"2","actorUsername":"test","actorEmail":"test@gmail.com","ip":"::1","fileId":"14","fileName":"IMG_3630.JPG","size":9817555}
{"timestamp":"2026-09-24T10:25:40.185Z","event":"file.uploaded","actorId":"2","actorUsername":"test","actorEmail":"test@gmail.com","ip":"::1","fileId":"15","fileName":"IMG_3631 - Copy.JPG","size":7299561}
{"timestamp":"2026-09-24T10:25:40.186Z","event":"file.uploaded","actorId":"2","actorUsername":"test","actorEmail":"test@gmail.com","ip":"::1","fileId":"16","fileName":"IMG_3631.JPG","size":7299561}
{"timestamp":"2026-09-24T10:25:40.187Z","event":"file.uploaded","actorId":"2","actorUsername":"test","actorEmail":"test@gmail.com","ip":"::1","fileId":"17","fileName":"IMG_3632 - Copy.JPG","size":6966568}
{"timestamp":"2026-09-24T10:25:40.187Z","event":"file.uploaded","actorId":"2","actorUsername":"test","actorEmail":"test@gmail.com","ip":"::1","fileId":"18","fileName":"IMG_3632.JPG","size":6966568}
{"timestamp":"2026-09-24T10:25:40.188Z","event":"file.uploaded","actorId":"2","actorUsername":"test","actorEmail":"test@gmail.com","ip":"::1","fileId":"19","fileName":"IMG_3633 - Copy.JPG","size":7623224}
{"timestamp":"2026-09-24T10:25:40.189Z","event":"file.uploaded","actorId":"2","actorUsername":"test","actorEmail":"test@gmail.com","ip":"::1","fileId":"20","fileName":"IMG_3633.JPG","size":7623224}
{"timestamp":"2026-09-24T10:25:40.189Z","event":"file.uploaded","actorId":"2","actorUsername":"test","actorEmail":"test@gmail.com","ip":"::1","fileId":"21","fileName":"IMG_3634 - Copy.JPG","size":7297431}
{"timestamp":"2026-09-24T10:25:40.190Z","event":"file.uploaded","actorId":"2","actorUsername":"test","actorEmail":"test@gmail.com","ip":"::1","fileId":"22","fileName":"IMG_3634.JPG","size":7297431}
{"timestamp":"2026-09-24T10:25:40.191Z","event":"file.uploaded","actorId":"2","actorUsername":"test","actorEmail":"test@gmail.com","ip":"::1","fileId":"23","fileName":"IMG_3635 - Copy.JPG","size":7459048}
{"timestamp":"2026-09-24T10:25:40.191Z","event":"file.uploaded","actorId":"2","actorUsername":"test","actorEmail":"test@gmail.com","ip":"::1","fileId":"24","fileName":"IMG_3635.JPG","size":7459048}
{"timestamp":"2026-09-24T10:25:40.192Z","event":"file.uploaded","actorId":"2","actorUsername":"test","actorEmail":"test@gmail.com","ip":"::1","fileId":"25","fileName":"IMG_3636 - Copy.JPG","size":8477031}
{"timestamp":"2026-09-24T10:25:40.193Z","event":"file.uploaded","actorId":"2","actorUsername":"test","actorEmail":"test@gmail.com","ip":"::1","fileId":"26","fileName":"IMG_3636.JPG","size":8477031}
{"timestamp":"2026-09-24T10:25:40.194Z","event":"file.uploaded","actorId":"2","actorUsername":"test","actorEmail":"test@gmail.com","ip":"::1","fileId":"27","fileName":"IMG_3637 - Copy.JPG","size":9046626}
{"timestamp":"2026-09-24T10:25:40.194Z","event":"file.uploaded","actorId":"2","actorUsername":"test","actorEmail":"test@gmail.com","ip":"::1","fileId":"28","fileName":"IMG_3637.JPG","size":9046626}
{"timestamp":"2026-09-24T10:25:40.195Z","event":"file.uploaded","actorId":"2","actorUsername":"test","actorEmail":"test@gmail.com","ip":"::1","fileId":"29","fileName":"IMG_3638 - Copy.JPG","size":9664542}
{"timestamp":"2026-09-24T10:25:40.195Z","event":"file.uploaded","actorId":"2","actorUsername":"test","actorEmail":"test@gmail.com","ip":"::1","fileId":"30","fileName":"IMG_3638.JPG","size":9664542}
{"timestamp":"2026-09-24T10:25:40.196Z","event":"file.uploaded","actorId":"2","actorUsername":"test","actorEmail":"test@gmail.com","ip":"::1","fileId":"31","fileName":"IMG_3639 - Copy.JPG","size":8855238}
{"timestamp":"2026-09-24T10:25:40.197Z","event":"file.uploaded","actorId":"2","actorUsername":"test","actorEmail":"test@gmail.com","ip":"::1","fileId":"32","fileName":"IMG_3639.JPG","size":8855238}
{"timestamp":"2026-09-24T10:25:40.197Z","event":"file.uploaded","actorId":"2","actorUsername":"test","actorEmail":"test@gmail.com","ip":"::1","fileId":"33","fileName":"IMG_3640 - Copy.JPG","size":8897231}
{"timestamp":"2026-09-24T10:25:40.198Z","event":"file.uploaded","actorId":"2","actorUsername":"test","actorEmail":"test@gmail.com","ip":"::1","fileId":"34","fileName":"IMG_3640.JPG","size":8897231}
{"timestamp":"2026-09-24T10:25:40.199Z","event":"file.uploaded","actorId":"2","actorUsername":"test","actorEmail":"test@gmail.com","ip":"::1","fileId":"35","fileName":"IMG_3641 - Copy.JPG","size":8906765}
{"timestamp":"2026-09-24T10:25:40.200Z","event":"file.uploaded","actorId":"2","actorUsername":"test","actorEmail":"test@gmail.com","ip":"::1","fileId":"36","fileName":"IMG_3641.JPG","size":8906765}
{"timestamp":"2026-09-24T10:25:40.200Z","event":"file.uploaded","actorId":"2","actorUsername":"test","actorEmail":"test@gmail.com","ip":"::1","fileId":"37","fileName":"IMG_3642.JPG","size":8289247}
{"timestamp":"2026-09-24T10:25:40.201Z","event":"file.uploaded","actorId":"2","actorUsername":"test","actorEmail":"test@gmail.com","ip":"::1","fileId":"38","fileName":"IMG_3643.JPG","size":7292307}
{"timestamp":"2026-09-24T10:25:40.202Z","event":"file.uploaded","actorId":"2","actorUsername":"test","actorEmail":"test@gmail.com","ip":"::1","fileId":"39","fileName":"IMG_3644.JPG","size":7945293}
{"timestamp":"2026-09-24T10:25:40.203Z","event":"file.uploaded","actorId":"2","actorUsername":"test","actorEmail":"test@gmail.com","ip":"::1","fileId":"40","fileName":"IMG_3645.JPG","size":9943730}
{"timestamp":"2026-09-24T10:25:40.203Z","event":"file.uploaded","actorId":"2","actorUsername":"test","actorEmail":"test@gmail.com","ip":"::1","fileId":"41","fileName":"IMG_3646.JPG","size":9019507}
{"timestamp":"2026-09-24T10:25:40.204Z","event":"file.uploaded","actorId":"2","actorUsername":"test","actorEmail":"test@gmail.com","ip":"::1","fileId":"42","fileName":"IMG_3647.JPG","size":8723550}
{"timestamp":"2026-09-24T10:25:40.204Z","event":"file.uploaded","actorId":"2","actorUsername":"test","actorEmail":"test@gmail.com","ip":"::1","fileId":"43","fileName":"IMG_3648.JPG","size":7808948}
{"timestamp":"2026-09-24T10:25:40.206Z","event":"file.uploaded","actorId":"2","actorUsername":"test","actorEmail":"test@gmail.com","ip":"::1","fileId":"44","fileName":"IMG_3649.JPG","size":7463784}
{"timestamp":"2026-09-24T10:25:40.207Z","event":"file.uploaded","actorId":"2","actorUsername":"test","actorEmail":"test@gmail.com","ip":"::1","fileId":"45","fileName":"IMG_3650.JPG","size":8709868}
{"timestamp":"2026-09-24T10:25:40.207Z","event":"file.uploaded","actorId":"2","actorUsername":"test","actorEmail":"test@gmail.com","ip":"::1","fileId":"46","fileName":"IMG_3651.JPG","size":9305034}
{"timestamp":"2026-09-24T10:25:40.208Z","event":"file.uploaded","actorId":"2","actorUsername":"test","actorEmail":"test@gmail.com","ip":"::1","fileId":"47","fileName":"IMG_3652.JPG","size":9315009}
{"timestamp":"2026-09-24T10:25:40.208Z","event":"file.uploaded","actorId":"2","actorUsername":"test","actorEmail":"test@gmail.com","ip":"::1","fileId":"48","fileName":"IMG_3653.JPG","size":8262722}
{"timestamp":"2026-09-24T10:25:40.209Z","event":"file.uploaded","actorId":"2","actorUsername":"test","actorEmail":"test@gmail.com","ip":"::1","fileId":"49","fileName":"IMG_3655.JPG","size":8894060}
{"timestamp":"2026-09-24T10:25:40.209Z","event":"file.uploaded","actorId":"2","actorUsername":"test","actorEmail":"test@gmail.com","ip":"::1","fileId":"50","fileName":"IMG_3656.JPG","size":9144632}
{"timestamp":"2026-09-24T10:25:40.210Z","event":"file.uploaded","actorId":"2","actorUsername":"test","actorEmail":"test@gmail.com","ip":"::1","fileId":"51","fileName":"IMG_3657.JPG","size":9159806}
{"timestamp":"2026-09-24T10:25:40.210Z","event":"file.uploaded","actorId":"2","actorUsername":"test","actorEmail":"test@gmail.com","ip":"::1","fileId":"52","fileName":"IMG_3658.JPG","size":9095706}
{"timestamp":"2026-09-24T10:25:40.211Z","event":"file.uploaded","actorId":"2","actorUsername":"test","actorEmail":"test@gmail.com","ip":"::1","fileId":"53","fileName":"IMG_3659.JPG","size":8856200}
{"timestamp":"2026-09-24T10:25:40.211Z","event":"file.uploaded","actorId":"2","actorUsername":"test","actorEmail":"test@gmail.com","ip":"::1","fileId":"54","fileName":"IMG_3660.JPG","size":8681372}
{"timestamp":"2026-09-24T10:25:40.212Z","event":"file.uploaded","actorId":"2","actorUsername":"test","actorEmail":"test@gmail.com","ip":"::1","fileId":"55","fileName":"IMG_3667.JPG","size":10037675}
{"timestamp":"2026-09-24T10:25:40.212Z","event":"file.uploaded","actorId":"2","actorUsername":"test","actorEmail":"test@gmail.com","ip":"::1","fileId":"56","fileName":"IMG_3668.JPG","size":9593407}
{"timestamp":"2026-09-24T10:25:40.213Z","event":"file.uploaded","actorId":"2","actorUsername":"test","actorEmail":"test@gmail.com","ip":"::1","fileId":"57","fileName":"IMG_3669.JPG","size":7740417}
{"timestamp":"2026-09-24T10:25:40.214Z","event":"file.uploaded","actorId":"2","actorUsername":"test","actorEmail":"test@gmail.com","ip":"::1","fileId":"58","fileName":"IMG_3670.JPG","size":8434977}
{"timestamp":"2026-09-24T10:25:40.214Z","event":"file.uploaded","actorId":"2","actorUsername":"test","actorEmail":"test@gmail.com","ip":"::1","fileId":"59","fileName":"IMG_3671.JPG","size":8515354}
{"timestamp":"2026-09-24T10:25:40.215Z","event":"file.uploaded","actorId":"2","actorUsername":"test","actorEmail":"test@gmail.com","ip":"::1","fileId":"60","fileName":"IMG_3672.JPG","size":8497803}
{"timestamp":"2026-09-24T10:25:40.216Z","event":"file.uploaded","actorId":"2","actorUsername":"test","actorEmail":"test@gmail.com","ip":"::1","fileId":"61","fileName":"IMG_3673.JPG","size":7859340}
{"timestamp":"2026-09-24T10:25:40.216Z","event":"file.uploaded","actorId":"2","actorUsername":"test","actorEmail":"test@gmail.com","ip":"::1","fileId":"62","fileName":"IMG_3674.JPG","size":8850501}
{"timestamp":"2026-09-24T10:25:40.217Z","event":"file.uploaded","actorId":"2","actorUsername":"test","actorEmail":"test@gmail.com","ip":"::1","fileId":"63","fileName":"IMG_3675.JPG","size":8569522}
{"timestamp":"2026-09-24T10:25:40.218Z","event":"file.uploaded","actorId":"2","actorUsername":"test","actorEmail":"test@gmail.com","ip":"::1","fileId":"64","fileName":"IMG_3676.JPG","size":8583091}
{"timestamp":"2026-09-24T10:25:40.219Z","event":"file.uploaded","actorId":"2","actorUsername":"test","actorEmail":"test@gmail.com","ip":"::1","fileId":"65","fileName":"IMG_3677.JPG","size":8123910}
{"timestamp":"2026-09-24T10:25:40.219Z","event":"file.uploaded","actorId":"2","actorUsername":"test","actorEmail":"test@gmail.com","ip":"::1","fileId":"66","fileName":"IMG_3678.JPG","size":8888956}
{"timestamp":"2026-09-24T10:25:40.220Z","event":"file.uploaded","actorId":"2","actorUsername":"test","actorEmail":"test@gmail.com","ip":"::1","fileId":"67","fileName":"IMG_3679.JPG","size":9143831}
{"timestamp":"2026-09-24T10:25:40.221Z","event":"file.uploaded","actorId":"2","actorUsername":"test","actorEmail":"test@gmail.com","ip":"::1","fileId":"68","fileName":"IMG_3680.JPG","size":8440375}
{"timestamp":"2026-09-24T10:25:40.221Z","event":"file.uploaded","actorId":"2","actorUsername":"test","actorEmail":"test@gmail.com","ip":"::1","fileId":"69","fileName":"IMG_3681.JPG","size":7264356}
{"timestamp":"2026-09-24T10:25:40.222Z","event":"file.uploaded","actorId":"2","actorUsername":"test","actorEmail":"test@gmail.com","ip":"::1","fileId":"70","fileName":"IMG_3682.JPG","size":7980095}
{"timestamp":"2026-09-24T10:25:46.894Z","event":"file.deleted","actorId":"2","actorUsername":"test","actorEmail":"test@gmail.com","ip":"::1","fileId":"68","fileName":"IMG_3680.JPG","ownerId":"2"}
{"timestamp":"2026-09-24T11:10:19.486Z","event":"file.downloaded","actorId":"2","actorUsername":"test","actorEmail":"test@gmail.com","ip":"::1","fileId":"70","fileName":"IMG_3682.JPG","ownerId":"2","size":7980095}
{"timestamp":"2026-09-24T11:10:19.557Z","event":"file.downloaded","actorId":"2","actorUsername":"test","actorEmail":"test@gmail.com","ip":"::1","fileId":"67","fileName":"IMG_3679.JPG","ownerId":"2","size":9143831}
{"timestamp":"2026-09-24T11:10:19.717Z","event":"file.downloaded","actorId":"2","actorUsername":"test","actorEmail":"test@gmail.com","ip":"::1","fileId":"69","fileName":"IMG_3681.JPG","ownerId":"2","size":7264356}
{"timestamp":"2026-09-24T11:10:19.810Z","event":"file.downloaded","actorId":"2","actorUsername":"test","actorEmail":"test@gmail.com","ip":"::1","fileId":"5","fileName":"IMG_3626 - Copy.JPG","ownerId":"2","size":7256490}
{"timestamp":"2026-09-24T11:10:19.890Z","event":"file.downloaded","actorId":"2","actorUsername":"test","actorEmail":"test@gmail.com","ip":"::1","fileId":"6","fileName":"IMG_3626.JPG","ownerId":"2","size":7256490}
{"timestamp":"2026-09-24T11:45:48.013Z","event":"file.moved_to_trash","actorId":"2","actorUsername":"test","actorEmail":"test@gmail.com","ip":"::1","fileId":"70","fileName":"IMG_3682.JPG"}
{"timestamp":"2026-09-24T11:47:19.283Z","event":"file.deleted_permanently","actorId":"2","actorUsername":"test","actorEmail":"test@gmail.com","ip":"::1","fileId":"70","fileName":"IMG_3682.JPG"}
{"timestamp":"2026-09-24T11:48:23.016Z","event":"file.moved_to_trash","actorId":"2","actorUsername":"test","actorEmail":"test@gmail.com","ip":"::1","fileId":"66","fileName":"IMG_3678.JPG"}
{"timestamp":"2026-09-24T11:48:36.239Z","event":"file.deleted_permanently","actorId":"2","actorUsername":"test","actorEmail":"test@gmail.com","ip":"::1","fileId":"66","fileName":"IMG_3678.JPG"}
{"timestamp":"2026-09-24T11:49:19.869Z","event":"file.moved_to_trash","actorId":"2","actorUsername":"test","actorEmail":"test@gmail.com","ip":"::1","fileId":"69","fileName":"IMG_3681.JPG"}
{"timestamp":"2026-09-24T11:49:19.877Z","event":"file.moved_to_trash","actorId":"2","actorUsername":"test","actorEmail":"test@gmail.com","ip":"::1","fileId":"65","fileName":"IMG_3677.JPG"}
{"timestamp":"2026-09-24T11:49:19.886Z","event":"file.moved_to_trash","actorId":"2","actorUsername":"test","actorEmail":"test@gmail.com","ip":"::1","fileId":"67","fileName":"IMG_3679.JPG"}
{"timestamp":"2026-09-24T11:49:19.897Z","event":"file.moved_to_trash","actorId":"2","actorUsername":"test","actorEmail":"test@gmail.com","ip":"::1","fileId":"5","fileName":"IMG_3626 - Copy.JPG"}
{"timestamp":"2026-09-24T11:49:19.907Z","event":"file.moved_to_trash","actorId":"2","actorUsername":"test","actorEmail":"test@gmail.com","ip":"::1","fileId":"6","fileName":"IMG_3626.JPG"}
{"timestamp":"2026-09-24T11:49:19.915Z","event":"file.moved_to_trash","actorId":"2","actorUsername":"test","actorEmail":"test@gmail.com","ip":"::1","fileId":"7","fileName":"IMG_3627 - Copy.JPG"}
{"timestamp":"2026-09-24T11:49:19.922Z","event":"file.moved_to_trash","actorId":"2","actorUsername":"test","actorEmail":"test@gmail.com","ip":"::1","fileId":"8","fileName":"IMG_3627.JPG"}
{"timestamp":"2026-09-24T11:49:19.928Z","event":"file.moved_to_trash","actorId":"2","actorUsername":"test","actorEmail":"test@gmail.com","ip":"::1","fileId":"9","fileName":"IMG_3628 - Copy.JPG"}
{"timestamp":"2026-09-24T11:49:19.934Z","event":"file.moved_to_trash","actorId":"2","actorUsername":"test","actorEmail":"test@gmail.com","ip":"::1","fileId":"10","fileName":"IMG_3628.JPG"}
{"timestamp":"2026-09-24T11:49:19.942Z","event":"file.moved_to_trash","actorId":"2","actorUsername":"test","actorEmail":"test@gmail.com","ip":"::1","fileId":"11","fileName":"IMG_3629 - Copy.JPG"}
{"timestamp":"2026-09-24T11:49:19.948Z","event":"file.moved_to_trash","actorId":"2","actorUsername":"test","actorEmail":"test@gmail.com","ip":"::1","fileId":"12","fileName":"IMG_3629.JPG"}
{"timestamp":"2026-09-24T11:49:19.955Z","event":"file.moved_to_trash","actorId":"2","actorUsername":"test","actorEmail":"test@gmail.com","ip":"::1","fileId":"13","fileName":"IMG_3630 - Copy.JPG"}
{"timestamp":"2026-09-24T11:49:19.962Z","event":"file.moved_to_trash","actorId":"2","actorUsername":"test","actorEmail":"test@gmail.com","ip":"::1","fileId":"14","fileName":"IMG_3630.JPG"}
{"timestamp":"2026-09-24T11:49:19.968Z","event":"file.moved_to_trash","actorId":"2","actorUsername":"test","actorEmail":"test@gmail.com","ip":"::1","fileId":"15","fileName":"IMG_3631 - Copy.JPG"}
{"timestamp":"2026-09-24T11:49:19.975Z","event":"file.moved_to_trash","actorId":"2","actorUsername":"test","actorEmail":"test@gmail.com","ip":"::1","fileId":"16","fileName":"IMG_3631.JPG"}
{"timestamp":"2026-09-24T11:49:19.981Z","event":"file.moved_to_trash","actorId":"2","actorUsername":"test","actorEmail":"test@gmail.com","ip":"::1","fileId":"17","fileName":"IMG_3632 - Copy.JPG"}
{"timestamp":"2026-09-24T11:49:19.989Z","event":"file.moved_to_trash","actorId":"2","actorUsername":"test","actorEmail":"test@gmail.com","ip":"::1","fileId":"18","fileName":"IMG_3632.JPG"}
{"timestamp":"2026-09-24T11:49:19.996Z","event":"file.moved_to_trash","actorId":"2","actorUsername":"test","actorEmail":"test@gmail.com","ip":"::1","fileId":"19","fileName":"IMG_3633 - Copy.JPG"}
{"timestamp":"2026-09-24T11:49:20.003Z","event":"file.moved_to_trash","actorId":"2","actorUsername":"test","actorEmail":"test@gmail.com","ip":"::1","fileId":"20","fileName":"IMG_3633.JPG"}
{"timestamp":"2026-09-24T11:49:20.010Z","event":"file.moved_to_trash","actorId":"2","actorUsername":"test","actorEmail":"test@gmail.com","ip":"::1","fileId":"21","fileName":"IMG_3634 - Copy.JPG"}
{"timestamp":"2026-09-24T11:49:20.016Z","event":"file.moved_to_trash","actorId":"2","actorUsername":"test","actorEmail":"test@gmail.com","ip":"::1","fileId":"22","fileName":"IMG_3634.JPG"}
{"timestamp":"2026-09-24T11:49:20.023Z","event":"file.moved_to_trash","actorId":"2","actorUsername":"test","actorEmail":"test@gmail.com","ip":"::1","fileId":"23","fileName":"IMG_3635 - Copy.JPG"}
{"timestamp":"2026-09-24T11:49:20.030Z","event":"file.moved_to_trash","actorId":"2","actorUsername":"test","actorEmail":"test@gmail.com","ip":"::1","fileId":"24","fileName":"IMG_3635.JPG"}
{"timestamp":"2026-09-24T11:49:20.039Z","event":"file.moved_to_trash","actorId":"2","actorUsername":"test","actorEmail":"test@gmail.com","ip":"::1","fileId":"25","fileName":"IMG_3636 - Copy.JPG"}
{"timestamp":"2026-09-24T11:49:20.046Z","event":"file.moved_to_trash","actorId":"2","actorUsername":"test","actorEmail":"test@gmail.com","ip":"::1","fileId":"26","fileName":"IMG_3636.JPG"}
{"timestamp":"2026-09-24T11:49:20.054Z","event":"file.moved_to_trash","actorId":"2","actorUsername":"test","actorEmail":"test@gmail.com","ip":"::1","fileId":"27","fileName":"IMG_3637 - Copy.JPG"}
{"timestamp":"2026-09-24T11:49:20.061Z","event":"file.moved_to_trash","actorId":"2","actorUsername":"test","actorEmail":"test@gmail.com","ip":"::1","fileId":"28","fileName":"IMG_3637.JPG"}
{"timestamp":"2026-09-24T11:49:20.069Z","event":"file.moved_to_trash","actorId":"2","actorUsername":"test","actorEmail":"test@gmail.com","ip":"::1","fileId":"29","fileName":"IMG_3638 - Copy.JPG"}
{"timestamp":"2026-09-24T11:49:20.076Z","event":"file.moved_to_trash","actorId":"2","actorUsername":"test","actorEmail":"test@gmail.com","ip":"::1","fileId":"30","fileName":"IMG_3638.JPG"}
{"timestamp":"2026-09-24T11:49:20.089Z","event":"file.moved_to_trash","actorId":"2","actorUsername":"test","actorEmail":"test@gmail.com","ip":"::1","fileId":"31","fileName":"IMG_3639 - Copy.JPG"}
{"timestamp":"2026-09-24T11:49:20.095Z","event":"file.moved_to_trash","actorId":"2","actorUsername":"test","actorEmail":"test@gmail.com","ip":"::1","fileId":"32","fileName":"IMG_3639.JPG"}
{"timestamp":"2026-09-24T11:49:20.102Z","event":"file.moved_to_trash","actorId":"2","actorUsername":"test","actorEmail":"test@gmail.com","ip":"::1","fileId":"33","fileName":"IMG_3640 - Copy.JPG"}
{"timestamp":"2026-09-24T11:49:20.109Z","event":"file.moved_to_trash","actorId":"2","actorUsername":"test","actorEmail":"test@gmail.com","ip":"::1","fileId":"34","fileName":"IMG_3640.JPG"}
{"timestamp":"2026-09-24T11:49:20.115Z","event":"file.moved_to_trash","actorId":"2","actorUsername":"test","actorEmail":"test@gmail.com","ip":"::1","fileId":"35","fileName":"IMG_3641 - Copy.JPG"}
{"timestamp":"2026-09-24T11:49:20.121Z","event":"file.moved_to_trash","actorId":"2","actorUsername":"test","actorEmail":"test@gmail.com","ip":"::1","fileId":"36","fileName":"IMG_3641.JPG"}
{"timestamp":"2026-09-24T11:49:20.127Z","event":"file.moved_to_trash","actorId":"2","actorUsername":"test","actorEmail":"test@gmail.com","ip":"::1","fileId":"37","fileName":"IMG_3642.JPG"}
{"timestamp":"2026-09-24T11:49:20.133Z","event":"file.moved_to_trash","actorId":"2","actorUsername":"test","actorEmail":"test@gmail.com","ip":"::1","fileId":"38","fileName":"IMG_3643.JPG"}
{"timestamp":"2026-09-24T11:49:20.140Z","event":"file.moved_to_trash","actorId":"2","actorUsername":"test","actorEmail":"test@gmail.com","ip":"::1","fileId":"39","fileName":"IMG_3644.JPG"}
{"timestamp":"2026-09-24T11:49:20.147Z","event":"file.moved_to_trash","actorId":"2","actorUsername":"test","actorEmail":"test@gmail.com","ip":"::1","fileId":"40","fileName":"IMG_3645.JPG"}
{"timestamp":"2026-09-24T11:49:20.154Z","event":"file.moved_to_trash","actorId":"2","actorUsername":"test","actorEmail":"test@gmail.com","ip":"::1","fileId":"41","fileName":"IMG_3646.JPG"}
{"timestamp":"2026-09-24T11:49:20.160Z","event":"file.moved_to_trash","actorId":"2","actorUsername":"test","actorEmail":"test@gmail.com","ip":"::1","fileId":"42","fileName":"IMG_3647.JPG"}
{"timestamp":"2026-09-24T11:49:20.166Z","event":"file.moved_to_trash","actorId":"2","actorUsername":"test","actorEmail":"test@gmail.com","ip":"::1","fileId":"43","fileName":"IMG_3648.JPG"}
{"timestamp":"2026-09-24T11:49:20.173Z","event":"file.moved_to_trash","actorId":"2","actorUsername":"test","actorEmail":"test@gmail.com","ip":"::1","fileId":"44","fileName":"IMG_3649.JPG"}
{"timestamp":"2026-09-24T11:49:20.181Z","event":"file.moved_to_trash","actorId":"2","actorUsername":"test","actorEmail":"test@gmail.com","ip":"::1","fileId":"45","fileName":"IMG_3650.JPG"}
{"timestamp":"2026-09-24T11:49:20.188Z","event":"file.moved_to_trash","actorId":"2","actorUsername":"test","actorEmail":"test@gmail.com","ip":"::1","fileId":"46","fileName":"IMG_3651.JPG"}
{"timestamp":"2026-09-24T11:49:20.194Z","event":"file.moved_to_trash","actorId":"2","actorUsername":"test","actorEmail":"test@gmail.com","ip":"::1","fileId":"47","fileName":"IMG_3652.JPG"}
{"timestamp":"2026-09-24T11:49:20.201Z","event":"file.moved_to_trash","actorId":"2","actorUsername":"test","actorEmail":"test@gmail.com","ip":"::1","fileId":"48","fileName":"IMG_3653.JPG"}
{"timestamp":"2026-09-24T11:49:20.209Z","event":"file.moved_to_trash","actorId":"2","actorUsername":"test","actorEmail":"test@gmail.com","ip":"::1","fileId":"49","fileName":"IMG_3655.JPG"}
{"timestamp":"2026-09-24T11:49:20.215Z","event":"file.moved_to_trash","actorId":"2","actorUsername":"test","actorEmail":"test@gmail.com","ip":"::1","fileId":"50","fileName":"IMG_3656.JPG"}
{"timestamp":"2026-09-24T11:49:20.222Z","event":"file.moved_to_trash","actorId":"2","actorUsername":"test","actorEmail":"test@gmail.com","ip":"::1","fileId":"51","fileName":"IMG_3657.JPG"}
{"timestamp":"2026-09-24T11:49:20.229Z","event":"file.moved_to_trash","actorId":"2","actorUsername":"test","actorEmail":"test@gmail.com","ip":"::1","fileId":"52","fileName":"IMG_3658.JPG"}
{"timestamp":"2026-09-24T11:49:20.237Z","event":"file.moved_to_trash","actorId":"2","actorUsername":"test","actorEmail":"test@gmail.com","ip":"::1","fileId":"53","fileName":"IMG_3659.JPG"}
{"timestamp":"2026-09-24T11:49:20.243Z","event":"file.moved_to_trash","actorId":"2","actorUsername":"test","actorEmail":"test@gmail.com","ip":"::1","fileId":"54","fileName":"IMG_3660.JPG"}
{"timestamp":"2026-09-24T11:49:20.249Z","event":"file.moved_to_trash","actorId":"2","actorUsername":"test","actorEmail":"test@gmail.com","ip":"::1","fileId":"55","fileName":"IMG_3667.JPG"}
{"timestamp":"2026-09-24T11:49:20.257Z","event":"file.moved_to_trash","actorId":"2","actorUsername":"test","actorEmail":"test@gmail.com","ip":"::1","fileId":"56","fileName":"IMG_3668.JPG"}
{"timestamp":"2026-09-24T11:49:20.263Z","event":"file.moved_to_trash","actorId":"2","actorUsername":"test","actorEmail":"test@gmail.com","ip":"::1","fileId":"57","fileName":"IMG_3669.JPG"}
{"timestamp":"2026-09-24T11:49:20.271Z","event":"file.moved_to_trash","actorId":"2","actorUsername":"test","actorEmail":"test@gmail.com","ip":"::1","fileId":"58","fileName":"IMG_3670.JPG"}
{"timestamp":"2026-09-24T11:49:20.277Z","event":"file.moved_to_trash","actorId":"2","actorUsername":"test","actorEmail":"test@gmail.com","ip":"::1","fileId":"59","fileName":"IMG_3671.JPG"}
{"timestamp":"2026-09-24T11:49:20.283Z","event":"file.moved_to_trash","actorId":"2","actorUsername":"test","actorEmail":"test@gmail.com","ip":"::1","fileId":"60","fileName":"IMG_3672.JPG"}
{"timestamp":"2026-09-24T11:49:20.291Z","event":"file.moved_to_trash","actorId":"2","actorUsername":"test","actorEmail":"test@gmail.com","ip":"::1","fileId":"61","fileName":"IMG_3673.JPG"}
{"timestamp":"2026-09-24T11:49:20.297Z","event":"file.moved_to_trash","actorId":"2","actorUsername":"test","actorEmail":"test@gmail.com","ip":"::1","fileId":"62","fileName":"IMG_3674.JPG"}
{"timestamp":"2026-09-24T11:49:20.305Z","event":"file.moved_to_trash","actorId":"2","actorUsername":"test","actorEmail":"test@gmail.com","ip":"::1","fileId":"63","fileName":"IMG_3675.JPG"}
{"timestamp":"2026-09-24T11:49:20.312Z","event":"file.moved_to_trash","actorId":"2","actorUsername":"test","actorEmail":"test@gmail.com","ip":"::1","fileId":"64","fileName":"IMG_3676.JPG"}
{"timestamp":"2026-09-24T11:49:20.321Z","event":"file.moved_to_trash","actorId":"2","actorUsername":"test","actorEmail":"test@gmail.com","ip":"::1","fileId":"4","fileName":"IMG_3676.JPG"}
{"timestamp":"2026-09-24T11:49:20.332Z","event":"file.moved_to_trash","actorId":"2","actorUsername":"test","actorEmail":"test@gmail.com","ip":"::1","fileId":"2","fileName":"Screenshot (2).png"}
{"timestamp":"2026-09-24T11:51:41.049Z","event":"file.deleted_permanently","actorId":"2","actorUsername":"test","actorEmail":"test@gmail.com","ip":"::1","fileId":"8","fileName":"IMG_3627.JPG"}
{"timestamp":"2026-09-24T11:51:51.792Z","event":"file.deleted_permanently","actorId":"2","actorUsername":"test","actorEmail":"test@gmail.com","ip":"::1","fileId":"7","fileName":"IMG_3627 - Copy.JPG"}
{"timestamp":"2026-09-24T11:57:39.415Z","event":"file.deleted_permanently","actorId":"2","actorUsername":"test","actorEmail":"test@gmail.com","ip":"::1","fileId":"5","fileName":"IMG_3626 - Copy.JPG","source":"empty_trash"}
{"timestamp":"2026-09-24T11:57:39.417Z","event":"file.deleted_permanently","actorId":"2","actorUsername":"test","actorEmail":"test@gmail.com","ip":"::1","fileId":"6","fileName":"IMG_3626.JPG","source":"empty_trash"}
{"timestamp":"2026-09-24T11:57:39.419Z","event":"file.deleted_permanently","actorId":"2","actorUsername":"test","actorEmail":"test@gmail.com","ip":"::1","fileId":"9","fileName":"IMG_3628 - Copy.JPG","source":"empty_trash"}
{"timestamp":"2026-09-24T11:57:39.443Z","event":"file.deleted_permanently","actorId":"2","actorUsername":"test","actorEmail":"test@gmail.com","ip":"::1","fileId":"10","fileName":"IMG_3628.JPG","source":"empty_trash"}
{"timestamp":"2026-09-24T11:57:39.448Z","event":"file.deleted_permanently","actorId":"2","actorUsername":"test","actorEmail":"test@gmail.com","ip":"::1","fileId":"11","fileName":"IMG_3629 - Copy.JPG","source":"empty_trash"}
{"timestamp":"2026-09-24T11:57:39.453Z","event":"file.deleted_permanently","actorId":"2","actorUsername":"test","actorEmail":"test@gmail.com","ip":"::1","fileId":"12","fileName":"IMG_3629.JPG","source":"empty_trash"}
{"timestamp":"2026-09-24T11:57:39.454Z","event":"file.deleted_permanently","actorId":"2","actorUsername":"test","actorEmail":"test@gmail.com","ip":"::1","fileId":"13","fileName":"IMG_3630 - Copy.JPG","source":"empty_trash"}
{"timestamp":"2026-09-24T11:57:39.456Z","event":"file.deleted_permanently","actorId":"2","actorUsername":"test","actorEmail":"test@gmail.com","ip":"::1","fileId":"14","fileName":"IMG_3630.JPG","source":"empty_trash"}
{"timestamp":"2026-09-24T11:57:39.458Z","event":"file.deleted_permanently","actorId":"2","actorUsername":"test","actorEmail":"test@gmail.com","ip":"::1","fileId":"15","fileName":"IMG_3631 - Copy.JPG","source":"empty_trash"}
{"timestamp":"2026-09-24T11:57:39.461Z","event":"file.deleted_permanently","actorId":"2","actorUsername":"test","actorEmail":"test@gmail.com","ip":"::1","fileId":"16","fileName":"IMG_3631.JPG","source":"empty_trash"}
{"timestamp":"2026-09-24T11:57:39.462Z","event":"file.deleted_permanently","actorId":"2","actorUsername":"test","actorEmail":"test@gmail.com","ip":"::1","fileId":"17","fileName":"IMG_3632 - Copy.JPG","source":"empty_trash"}
{"timestamp":"2026-09-24T11:57:39.464Z","event":"file.deleted_permanently","actorId":"2","actorUsername":"test","actorEmail":"test@gmail.com","ip":"::1","fileId":"18","fileName":"IMG_3632.JPG","source":"empty_trash"}
{"timestamp":"2026-09-24T11:57:39.466Z","event":"file.deleted_permanently","actorId":"2","actorUsername":"test","actorEmail":"test@gmail.com","ip":"::1","fileId":"19","fileName":"IMG_3633 - Copy.JPG","source":"empty_trash"}
{"timestamp":"2026-09-24T11:57:39.468Z","event":"file.deleted_permanently","actorId":"2","actorUsername":"test","actorEmail":"test@gmail.com","ip":"::1","fileId":"20","fileName":"IMG_3633.JPG","source":"empty_trash"}
{"timestamp":"2026-09-24T11:57:39.470Z","event":"file.deleted_permanently","actorId":"2","actorUsername":"test","actorEmail":"test@gmail.com","ip":"::1","fileId":"21","fileName":"IMG_3634 - Copy.JPG","source":"empty_trash"}
{"timestamp":"2026-09-24T11:57:39.472Z","event":"file.deleted_permanently","actorId":"2","actorUsername":"test","actorEmail":"test@gmail.com","ip":"::1","fileId":"22","fileName":"IMG_3634.JPG","source":"empty_trash"}
{"timestamp":"2026-09-24T11:57:39.474Z","event":"file.deleted_permanently","actorId":"2","actorUsername":"test","actorEmail":"test@gmail.com","ip":"::1","fileId":"23","fileName":"IMG_3635 - Copy.JPG","source":"empty_trash"}
{"timestamp":"2026-09-24T11:57:39.475Z","event":"file.deleted_permanently","actorId":"2","actorUsername":"test","actorEmail":"test@gmail.com","ip":"::1","fileId":"24","fileName":"IMG_3635.JPG","source":"empty_trash"}
{"timestamp":"2026-09-24T11:57:39.477Z","event":"file.deleted_permanently","actorId":"2","actorUsername":"test","actorEmail":"test@gmail.com","ip":"::1","fileId":"25","fileName":"IMG_3636 - Copy.JPG","source":"empty_trash"}
{"timestamp":"2026-09-24T11:57:39.480Z","event":"file.deleted_permanently","actorId":"2","actorUsername":"test","actorEmail":"test@gmail.com","ip":"::1","fileId":"26","fileName":"IMG_3636.JPG","source":"empty_trash"}
{"timestamp":"2026-09-24T11:57:39.482Z","event":"file.deleted_permanently","actorId":"2","actorUsername":"test","actorEmail":"test@gmail.com","ip":"::1","fileId":"27","fileName":"IMG_3637 - Copy.JPG","source":"empty_trash"}
{"timestamp":"2026-09-24T11:57:39.485Z","event":"file.deleted_permanently","actorId":"2","actorUsername":"test","actorEmail":"test@gmail.com","ip":"::1","fileId":"28","fileName":"IMG_3637.JPG","source":"empty_trash"}
{"timestamp":"2026-09-24T11:57:39.488Z","event":"file.deleted_permanently","actorId":"2","actorUsername":"test","actorEmail":"test@gmail.com","ip":"::1","fileId":"29","fileName":"IMG_3638 - Copy.JPG","source":"empty_trash"}
{"timestamp":"2026-09-24T11:57:39.491Z","event":"file.deleted_permanently","actorId":"2","actorUsername":"test","actorEmail":"test@gmail.com","ip":"::1","fileId":"30","fileName":"IMG_3638.JPG","source":"empty_trash"}
{"timestamp":"2026-09-24T11:57:39.493Z","event":"file.deleted_permanently","actorId":"2","actorUsername":"test","actorEmail":"test@gmail.com","ip":"::1","fileId":"4","fileName":"IMG_3676.JPG","source":"empty_trash"}
{"timestamp":"2026-09-24T11:57:39.495Z","event":"file.deleted_permanently","actorId":"2","actorUsername":"test","actorEmail":"test@gmail.com","ip":"::1","fileId":"2","fileName":"Screenshot (2).png","source":"empty_trash"}
{"timestamp":"2026-09-24T11:57:39.498Z","event":"file.deleted_permanently","actorId":"2","actorUsername":"test","actorEmail":"test@gmail.com","ip":"::1","fileId":"32","fileName":"IMG_3639.JPG","source":"empty_trash"}
{"timestamp":"2026-09-24T11:57:39.501Z","event":"file.deleted_permanently","actorId":"2","actorUsername":"test","actorEmail":"test@gmail.com","ip":"::1","fileId":"33","fileName":"IMG_3640 - Copy.JPG","source":"empty_trash"}
{"timestamp":"2026-09-24T11:57:39.503Z","event":"file.deleted_permanently","actorId":"2","actorUsername":"test","actorEmail":"test@gmail.com","ip":"::1","fileId":"34","fileName":"IMG_3640.JPG","source":"empty_trash"}
{"timestamp":"2026-09-24T11:57:39.504Z","event":"file.deleted_permanently","actorId":"2","actorUsername":"test","actorEmail":"test@gmail.com","ip":"::1","fileId":"35","fileName":"IMG_3641 - Copy.JPG","source":"empty_trash"}
{"timestamp":"2026-09-24T11:57:39.506Z","event":"file.deleted_permanently","actorId":"2","actorUsername":"test","actorEmail":"test@gmail.com","ip":"::1","fileId":"36","fileName":"IMG_3641.JPG","source":"empty_trash"}
{"timestamp":"2026-09-24T11:57:39.508Z","event":"file.deleted_permanently","actorId":"2","actorUsername":"test","actorEmail":"test@gmail.com","ip":"::1","fileId":"37","fileName":"IMG_3642.JPG","source":"empty_trash"}
{"timestamp":"2026-09-24T11:57:39.510Z","event":"file.deleted_permanently","actorId":"2","actorUsername":"test","actorEmail":"test@gmail.com","ip":"::1","fileId":"38","fileName":"IMG_3643.JPG","source":"empty_trash"}
{"timestamp":"2026-09-24T11:57:39.511Z","event":"file.deleted_permanently","actorId":"2","actorUsername":"test","actorEmail":"test@gmail.com","ip":"::1","fileId":"39","fileName":"IMG_3644.JPG","source":"empty_trash"}
{"timestamp":"2026-09-24T11:57:39.513Z","event":"file.deleted_permanently","actorId":"2","actorUsername":"test","actorEmail":"test@gmail.com","ip":"::1","fileId":"41","fileName":"IMG_3646.JPG","source":"empty_trash"}
{"timestamp":"2026-09-24T11:57:39.515Z","event":"file.deleted_permanently","actorId":"2","actorUsername":"test","actorEmail":"test@gmail.com","ip":"::1","fileId":"42","fileName":"IMG_3647.JPG","source":"empty_trash"}
{"timestamp":"2026-09-24T11:57:39.517Z","event":"file.deleted_permanently","actorId":"2","actorUsername":"test","actorEmail":"test@gmail.com","ip":"::1","fileId":"43","fileName":"IMG_3648.JPG","source":"empty_trash"}
{"timestamp":"2026-09-24T11:57:39.519Z","event":"file.deleted_permanently","actorId":"2","actorUsername":"test","actorEmail":"test@gmail.com","ip":"::1","fileId":"44","fileName":"IMG_3649.JPG","source":"empty_trash"}
{"timestamp":"2026-09-24T11:57:39.521Z","event":"file.deleted_permanently","actorId":"2","actorUsername":"test","actorEmail":"test@gmail.com","ip":"::1","fileId":"45","fileName":"IMG_3650.JPG","source":"empty_trash"}
{"timestamp":"2026-09-24T11:57:39.523Z","event":"file.deleted_permanently","actorId":"2","actorUsername":"test","actorEmail":"test@gmail.com","ip":"::1","fileId":"46","fileName":"IMG_3651.JPG","source":"empty_trash"}
{"timestamp":"2026-09-24T11:57:39.525Z","event":"file.deleted_permanently","actorId":"2","actorUsername":"test","actorEmail":"test@gmail.com","ip":"::1","fileId":"47","fileName":"IMG_3652.JPG","source":"empty_trash"}
{"timestamp":"2026-09-24T11:57:39.526Z","event":"file.deleted_permanently","actorId":"2","actorUsername":"test","actorEmail":"test@gmail.com","ip":"::1","fileId":"48","fileName":"IMG_3653.JPG","source":"empty_trash"}
{"timestamp":"2026-09-24T11:57:39.528Z","event":"file.deleted_permanently","actorId":"2","actorUsername":"test","actorEmail":"test@gmail.com","ip":"::1","fileId":"49","fileName":"IMG_3655.JPG","source":"empty_trash"}
{"timestamp":"2026-09-24T11:57:39.529Z","event":"file.deleted_permanently","actorId":"2","actorUsername":"test","actorEmail":"test@gmail.com","ip":"::1","fileId":"50","fileName":"IMG_3656.JPG","source":"empty_trash"}
{"timestamp":"2026-09-24T11:57:39.531Z","event":"file.deleted_permanently","actorId":"2","actorUsername":"test","actorEmail":"test@gmail.com","ip":"::1","fileId":"51","fileName":"IMG_3657.JPG","source":"empty_trash"}
{"timestamp":"2026-09-24T11:57:39.533Z","event":"file.deleted_permanently","actorId":"2","actorUsername":"test","actorEmail":"test@gmail.com","ip":"::1","fileId":"52","fileName":"IMG_3658.JPG","source":"empty_trash"}
{"timestamp":"2026-09-24T11:57:39.535Z","event":"file.deleted_permanently","actorId":"2","actorUsername":"test","actorEmail":"test@gmail.com","ip":"::1","fileId":"53","fileName":"IMG_3659.JPG","source":"empty_trash"}
{"timestamp":"2026-09-24T11:57:39.537Z","event":"file.deleted_permanently","actorId":"2","actorUsername":"test","actorEmail":"test@gmail.com","ip":"::1","fileId":"54","fileName":"IMG_3660.JPG","source":"empty_trash"}
{"timestamp":"2026-09-24T11:57:39.539Z","event":"file.deleted_permanently","actorId":"2","actorUsername":"test","actorEmail":"test@gmail.com","ip":"::1","fileId":"55","fileName":"IMG_3667.JPG","source":"empty_trash"}
{"timestamp":"2026-09-24T11:57:39.541Z","event":"file.deleted_permanently","actorId":"2","actorUsername":"test","actorEmail":"test@gmail.com","ip":"::1","fileId":"56","fileName":"IMG_3668.JPG","source":"empty_trash"}
{"timestamp":"2026-09-24T11:57:39.542Z","event":"file.deleted_permanently","actorId":"2","actorUsername":"test","actorEmail":"test@gmail.com","ip":"::1","fileId":"57","fileName":"IMG_3669.JPG","source":"empty_trash"}
{"timestamp":"2026-09-24T11:57:39.544Z","event":"file.deleted_permanently","actorId":"2","actorUsername":"test","actorEmail":"test@gmail.com","ip":"::1","fileId":"58","fileName":"IMG_3670.JPG","source":"empty_trash"}
{"timestamp":"2026-09-24T11:57:39.546Z","event":"file.deleted_permanently","actorId":"2","actorUsername":"test","actorEmail":"test@gmail.com","ip":"::1","fileId":"59","fileName":"IMG_3671.JPG","source":"empty_trash"}
{"timestamp":"2026-09-24T11:57:39.547Z","event":"file.deleted_permanently","actorId":"2","actorUsername":"test","actorEmail":"test@gmail.com","ip":"::1","fileId":"60","fileName":"IMG_3672.JPG","source":"empty_trash"}
{"timestamp":"2026-09-24T11:57:39.550Z","event":"file.deleted_permanently","actorId":"2","actorUsername":"test","actorEmail":"test@gmail.com","ip":"::1","fileId":"61","fileName":"IMG_3673.JPG","source":"empty_trash"}
{"timestamp":"2026-09-24T11:57:39.552Z","event":"file.deleted_permanently","actorId":"2","actorUsername":"test","actorEmail":"test@gmail.com","ip":"::1","fileId":"69","fileName":"IMG_3681.JPG","source":"empty_trash"}
{"timestamp":"2026-09-24T11:57:39.554Z","event":"file.deleted_permanently","actorId":"2","actorUsername":"test","actorEmail":"test@gmail.com","ip":"::1","fileId":"65","fileName":"IMG_3677.JPG","source":"empty_trash"}
{"timestamp":"2026-09-24T11:57:39.556Z","event":"file.deleted_permanently","actorId":"2","actorUsername":"test","actorEmail":"test@gmail.com","ip":"::1","fileId":"67","fileName":"IMG_3679.JPG","source":"empty_trash"}
{"timestamp":"2026-09-24T11:57:39.558Z","event":"file.deleted_permanently","actorId":"2","actorUsername":"test","actorEmail":"test@gmail.com","ip":"::1","fileId":"31","fileName":"IMG_3639 - Copy.JPG","source":"empty_trash"}
{"timestamp":"2026-09-24T11:57:39.560Z","event":"file.deleted_permanently","actorId":"2","actorUsername":"test","actorEmail":"test@gmail.com","ip":"::1","fileId":"40","fileName":"IMG_3645.JPG","source":"empty_trash"}
{"timestamp":"2026-09-24T11:57:39.562Z","event":"file.deleted_permanently","actorId":"2","actorUsername":"test","actorEmail":"test@gmail.com","ip":"::1","fileId":"62","fileName":"IMG_3674.JPG","source":"empty_trash"}
{"timestamp":"2026-09-24T11:57:39.564Z","event":"file.deleted_permanently","actorId":"2","actorUsername":"test","actorEmail":"test@gmail.com","ip":"::1","fileId":"63","fileName":"IMG_3675.JPG","source":"empty_trash"}
{"timestamp":"2026-09-24T11:57:39.577Z","event":"file.deleted_permanently","actorId":"2","actorUsername":"test","actorEmail":"test@gmail.com","ip":"::1","fileId":"64","fileName":"IMG_3676.JPG","source":"empty_trash"}
{"timestamp":"2026-09-24T12:11:36.730Z","event":"folder.created","actorId":"2","actorUsername":"test","actorEmail":"test@gmail.com","ip":"::1","folderId":1,"folderName":"om","parentId":null}
{"timestamp":"2026-09-24T12:23:58.339Z","event":"auth.login_succeeded","userId":"2","username":"test","email":"test@gmail.com","ip":"::1"}
{"timestamp":"2026-09-24T12:24:11.224Z","event":"file.uploaded","actorId":"2","actorUsername":"test","actorEmail":"test@gmail.com","ip":"::1","fileId":"71","fileName":"IMG_3626.JPG","size":7256490}
{"timestamp":"2026-09-24T12:24:17.665Z","event":"file.downloaded","actorId":"2","actorUsername":"test","actorEmail":"test@gmail.com","ip":"::1","fileId":"71","fileName":"IMG_3626.JPG","ownerId":"2","size":7256490}
{"timestamp":"2026-09-24T12:24:31.351Z","event":"auth.logout","actorId":"2","actorUsername":"test","actorEmail":"test@gmail.com","ip":"::1"}
{"timestamp":"2026-09-24T12:24:32.629Z","event":"auth.login_succeeded","userId":"2","username":"test","email":"test@gmail.com","ip":"::1"}
{"timestamp":"2026-09-24T12:24:48.505Z","event":"file.moved_to_trash","actorId":"2","actorUsername":"test","actorEmail":"test@gmail.com","ip":"::1","fileId":"71","fileName":"IMG_3626.JPG"}
{"timestamp":"2026-09-24T12:24:52.620Z","event":"file.deleted_permanently","actorId":"2","actorUsername":"test","actorEmail":"test@gmail.com","ip":"::1","fileId":"71","fileName":"IMG_3626.JPG","source":"empty_trash"}
{"timestamp":"2026-09-24T12:31:20.187Z","event":"auth.logout","actorId":"2","actorUsername":"test","actorEmail":"test@gmail.com","ip":"::1"}
{"timestamp":"2026-09-24T12:35:19.053Z","event":"auth.login_succeeded","userId":"2","username":"test","email":"test@gmail.com","ip":"::1"}
{"timestamp":"2026-09-24T12:35:21.860Z","event":"auth.logout","actorId":"2","actorUsername":"test","actorEmail":"test@gmail.com","ip":"::1"}
{"timestamp":"2026-09-24T12:39:48.360Z","event":"auth.login_succeeded","userId":"2","username":"test","email":"test@gmail.com","ip":"::1"}
{"timestamp":"2026-09-24T12:41:15.006Z","event":"file.uploaded","actorId":"2","actorUsername":"test","actorEmail":"test@gmail.com","ip":"::1","fileId":"72","fileName":"IMG_3626.JPG","size":7256490}
{"timestamp":"2026-09-24T12:42:38.634Z","event":"auth.login_succeeded","userId":"2","username":"test","email":"test@gmail.com","ip":"::1"}
{"timestamp":"2026-09-24T12:44:26.084Z","event":"file.uploaded","actorId":"2","actorUsername":"test","actorEmail":"test@gmail.com","ip":"::1","fileId":"73","fileName":"IMG_3626.JPG","size":7256490}
{"timestamp":"2026-09-24T12:44:26.126Z","event":"file.uploaded","actorId":"2","actorUsername":"test","actorEmail":"test@gmail.com","ip":"::1","fileId":"74","fileName":"IMG_3627.JPG","size":6389980}
{"timestamp":"2026-09-24T12:44:26.127Z","event":"file.uploaded","actorId":"2","actorUsername":"test","actorEmail":"test@gmail.com","ip":"::1","fileId":"75","fileName":"IMG_3628.JPG","size":9451051}
{"timestamp":"2026-09-24T12:44:26.127Z","event":"file.uploaded","actorId":"2","actorUsername":"test","actorEmail":"test@gmail.com","ip":"::1","fileId":"76","fileName":"IMG_3629.JPG","size":9644161}
{"timestamp":"2026-09-24T12:44:26.128Z","event":"file.uploaded","actorId":"2","actorUsername":"test","actorEmail":"test@gmail.com","ip":"::1","fileId":"77","fileName":"IMG_3630.JPG","size":9817555}
{"timestamp":"2026-09-24T12:44:26.128Z","event":"file.uploaded","actorId":"2","actorUsername":"test","actorEmail":"test@gmail.com","ip":"::1","fileId":"78","fileName":"IMG_3631.JPG","size":7299561}
{"timestamp":"2026-09-24T12:44:26.129Z","event":"file.uploaded","actorId":"2","actorUsername":"test","actorEmail":"test@gmail.com","ip":"::1","fileId":"79","fileName":"IMG_3632.JPG","size":6966568}
{"timestamp":"2026-09-24T12:44:26.129Z","event":"file.uploaded","actorId":"2","actorUsername":"test","actorEmail":"test@gmail.com","ip":"::1","fileId":"80","fileName":"IMG_3633.JPG","size":7623224}
{"timestamp":"2026-09-24T12:44:26.130Z","event":"file.uploaded","actorId":"2","actorUsername":"test","actorEmail":"test@gmail.com","ip":"::1","fileId":"81","fileName":"IMG_3634.JPG","size":7297431}
{"timestamp":"2026-09-24T12:44:26.130Z","event":"file.uploaded","actorId":"2","actorUsername":"test","actorEmail":"test@gmail.com","ip":"::1","fileId":"82","fileName":"IMG_3635.JPG","size":7459048}
{"timestamp":"2026-09-24T12:44:26.131Z","event":"file.uploaded","actorId":"2","actorUsername":"test","actorEmail":"test@gmail.com","ip":"::1","fileId":"83","fileName":"IMG_3636.JPG","size":8477031}
{"timestamp":"2026-09-24T12:44:26.132Z","event":"file.uploaded","actorId":"2","actorUsername":"test","actorEmail":"test@gmail.com","ip":"::1","fileId":"84","fileName":"IMG_3637.JPG","size":9046626}
{"timestamp":"2026-09-24T12:44:26.132Z","event":"file.uploaded","actorId":"2","actorUsername":"test","actorEmail":"test@gmail.com","ip":"::1","fileId":"85","fileName":"IMG_3638.JPG","size":9664542}
{"timestamp":"2026-09-24T12:44:26.133Z","event":"file.uploaded","actorId":"2","actorUsername":"test","actorEmail":"test@gmail.com","ip":"::1","fileId":"86","fileName":"IMG_3639.JPG","size":8855238}
{"timestamp":"2026-09-24T12:44:26.133Z","event":"file.uploaded","actorId":"2","actorUsername":"test","actorEmail":"test@gmail.com","ip":"::1","fileId":"87","fileName":"IMG_3640.JPG","size":8897231}
{"timestamp":"2026-09-24T12:44:26.134Z","event":"file.uploaded","actorId":"2","actorUsername":"test","actorEmail":"test@gmail.com","ip":"::1","fileId":"88","fileName":"IMG_3641.JPG","size":8906765}
{"timestamp":"2026-09-24T12:44:26.134Z","event":"file.uploaded","actorId":"2","actorUsername":"test","actorEmail":"test@gmail.com","ip":"::1","fileId":"89","fileName":"IMG_3642.JPG","size":8289247}
{"timestamp":"2026-09-24T12:44:26.135Z","event":"file.uploaded","actorId":"2","actorUsername":"test","actorEmail":"test@gmail.com","ip":"::1","fileId":"90","fileName":"IMG_3643.JPG","size":7292307}
{"timestamp":"2026-09-24T12:44:26.135Z","event":"file.uploaded","actorId":"2","actorUsername":"test","actorEmail":"test@gmail.com","ip":"::1","fileId":"91","fileName":"IMG_3644.JPG","size":7945293}
{"timestamp":"2026-09-24T12:44:26.136Z","event":"file.uploaded","actorId":"2","actorUsername":"test","actorEmail":"test@gmail.com","ip":"::1","fileId":"92","fileName":"IMG_3645.JPG","size":9943730}
{"timestamp":"2026-09-24T12:44:26.136Z","event":"file.uploaded","actorId":"2","actorUsername":"test","actorEmail":"test@gmail.com","ip":"::1","fileId":"93","fileName":"IMG_3646.JPG","size":9019507}
{"timestamp":"2026-09-24T12:44:26.137Z","event":"file.uploaded","actorId":"2","actorUsername":"test","actorEmail":"test@gmail.com","ip":"::1","fileId":"94","fileName":"IMG_3647.JPG","size":8723550}
{"timestamp":"2026-09-24T12:44:26.137Z","event":"file.uploaded","actorId":"2","actorUsername":"test","actorEmail":"test@gmail.com","ip":"::1","fileId":"95","fileName":"IMG_3648.JPG","size":7808948}
{"timestamp":"2026-09-24T12:44:26.138Z","event":"file.uploaded","actorId":"2","actorUsername":"test","actorEmail":"test@gmail.com","ip":"::1","fileId":"96","fileName":"IMG_3649.JPG","size":7463784}
{"timestamp":"2026-09-24T12:44:26.138Z","event":"file.uploaded","actorId":"2","actorUsername":"test","actorEmail":"test@gmail.com","ip":"::1","fileId":"97","fileName":"IMG_3650.JPG","size":8709868}
{"timestamp":"2026-09-24T12:44:26.139Z","event":"file.uploaded","actorId":"2","actorUsername":"test","actorEmail":"test@gmail.com","ip":"::1","fileId":"98","fileName":"IMG_3651.JPG","size":9305034}
{"timestamp":"2026-09-24T12:44:26.139Z","event":"file.uploaded","actorId":"2","actorUsername":"test","actorEmail":"test@gmail.com","ip":"::1","fileId":"99","fileName":"IMG_3652.JPG","size":9315009}
{"timestamp":"2026-09-24T12:44:26.140Z","event":"file.uploaded","actorId":"2","actorUsername":"test","actorEmail":"test@gmail.com","ip":"::1","fileId":"100","fileName":"IMG_3653.JPG","size":8262722}
{"timestamp":"2026-09-24T12:44:26.140Z","event":"file.uploaded","actorId":"2","actorUsername":"test","actorEmail":"test@gmail.com","ip":"::1","fileId":"101","fileName":"IMG_3655.JPG","size":8894060}
{"timestamp":"2026-09-24T12:44:26.141Z","event":"file.uploaded","actorId":"2","actorUsername":"test","actorEmail":"test@gmail.com","ip":"::1","fileId":"102","fileName":"IMG_3656.JPG","size":9144632}
{"timestamp":"2026-09-24T12:44:26.141Z","event":"file.uploaded","actorId":"2","actorUsername":"test","actorEmail":"test@gmail.com","ip":"::1","fileId":"103","fileName":"IMG_3657.JPG","size":9159806}
{"timestamp":"2026-09-24T12:44:26.142Z","event":"file.uploaded","actorId":"2","actorUsername":"test","actorEmail":"test@gmail.com","ip":"::1","fileId":"104","fileName":"IMG_3658.JPG","size":9095706}
{"timestamp":"2026-09-24T12:44:26.142Z","event":"file.uploaded","actorId":"2","actorUsername":"test","actorEmail":"test@gmail.com","ip":"::1","fileId":"105","fileName":"IMG_3659.JPG","size":8856200}
{"timestamp":"2026-09-24T12:44:26.143Z","event":"file.uploaded","actorId":"2","actorUsername":"test","actorEmail":"test@gmail.com","ip":"::1","fileId":"106","fileName":"IMG_3660.JPG","size":8681372}
{"timestamp":"2026-09-24T12:44:26.143Z","event":"file.uploaded","actorId":"2","actorUsername":"test","actorEmail":"test@gmail.com","ip":"::1","fileId":"107","fileName":"IMG_3667.JPG","size":10037675}
{"timestamp":"2026-09-24T12:44:26.144Z","event":"file.uploaded","actorId":"2","actorUsername":"test","actorEmail":"test@gmail.com","ip":"::1","fileId":"108","fileName":"IMG_3668.JPG","size":9593407}
{"timestamp":"2026-09-24T12:44:26.144Z","event":"file.uploaded","actorId":"2","actorUsername":"test","actorEmail":"test@gmail.com","ip":"::1","fileId":"109","fileName":"IMG_3669.JPG","size":7740417}
{"timestamp":"2026-09-24T12:44:26.145Z","event":"file.uploaded","actorId":"2","actorUsername":"test","actorEmail":"test@gmail.com","ip":"::1","fileId":"110","fileName":"IMG_3670.JPG","size":8434977}
{"timestamp":"2026-09-24T12:44:26.145Z","event":"file.uploaded","actorId":"2","actorUsername":"test","actorEmail":"test@gmail.com","ip":"::1","fileId":"111","fileName":"IMG_3671.JPG","size":8515354}
{"timestamp":"2026-09-24T12:44:26.146Z","event":"file.uploaded","actorId":"2","actorUsername":"test","actorEmail":"test@gmail.com","ip":"::1","fileId":"112","fileName":"IMG_3672.JPG","size":8497803}
{"timestamp":"2026-09-24T12:44:26.146Z","event":"file.uploaded","actorId":"2","actorUsername":"test","actorEmail":"test@gmail.com","ip":"::1","fileId":"113","fileName":"IMG_3673.JPG","size":7859340}
{"timestamp":"2026-09-24T12:44:26.147Z","event":"file.uploaded","actorId":"2","actorUsername":"test","actorEmail":"test@gmail.com","ip":"::1","fileId":"114","fileName":"IMG_3674.JPG","size":8850501}
{"timestamp":"2026-09-24T12:44:26.147Z","event":"file.uploaded","actorId":"2","actorUsername":"test","actorEmail":"test@gmail.com","ip":"::1","fileId":"115","fileName":"IMG_3675.JPG","size":8569522}
{"timestamp":"2026-09-24T12:44:26.148Z","event":"file.uploaded","actorId":"2","actorUsername":"test","actorEmail":"test@gmail.com","ip":"::1","fileId":"116","fileName":"IMG_3676.JPG","size":8583091}
{"timestamp":"2026-09-24T12:44:26.148Z","event":"file.uploaded","actorId":"2","actorUsername":"test","actorEmail":"test@gmail.com","ip":"::1","fileId":"117","fileName":"IMG_3677.JPG","size":8123910}
{"timestamp":"2026-09-24T12:44:26.149Z","event":"file.uploaded","actorId":"2","actorUsername":"test","actorEmail":"test@gmail.com","ip":"::1","fileId":"118","fileName":"IMG_3678.JPG","size":8888956}
{"timestamp":"2026-09-24T12:44:26.149Z","event":"file.uploaded","actorId":"2","actorUsername":"test","actorEmail":"test@gmail.com","ip":"::1","fileId":"119","fileName":"IMG_3679.JPG","size":9143831}
{"timestamp":"2026-09-24T12:44:26.150Z","event":"file.uploaded","actorId":"2","actorUsername":"test","actorEmail":"test@gmail.com","ip":"::1","fileId":"120","fileName":"IMG_3680.JPG","size":8440375}
{"timestamp":"2026-09-24T12:44:26.150Z","event":"file.uploaded","actorId":"2","actorUsername":"test","actorEmail":"test@gmail.com","ip":"::1","fileId":"121","fileName":"IMG_3681.JPG","size":7264356}
{"timestamp":"2026-09-24T12:44:26.151Z","event":"file.uploaded","actorId":"2","actorUsername":"test","actorEmail":"test@gmail.com","ip":"::1","fileId":"122","fileName":"IMG_3682.JPG","size":7980095}
{"timestamp":"2026-09-24T12:44:26.152Z","event":"file.uploaded","actorId":"2","actorUsername":"test","actorEmail":"test@gmail.com","ip":"::1","fileId":"123","fileName":"IMG_3683.JPG","size":7979404}
{"timestamp":"2026-09-24T12:44:26.153Z","event":"file.uploaded","actorId":"2","actorUsername":"test","actorEmail":"test@gmail.com","ip":"::1","fileId":"124","fileName":"IMG_3684.JPG","size":8360981}
{"timestamp":"2026-09-24T12:44:26.153Z","event":"file.uploaded","actorId":"2","actorUsername":"test","actorEmail":"test@gmail.com","ip":"::1","fileId":"125","fileName":"IMG_3685.JPG","size":8002090}
{"timestamp":"2026-09-24T12:44:26.154Z","event":"file.uploaded","actorId":"2","actorUsername":"test","actorEmail":"test@gmail.com","ip":"::1","fileId":"126","fileName":"IMG_3686.JPG","size":7943109}
{"timestamp":"2026-09-24T12:44:26.154Z","event":"file.uploaded","actorId":"2","actorUsername":"test","actorEmail":"test@gmail.com","ip":"::1","fileId":"127","fileName":"IMG_3687.JPG","size":7395506}
{"timestamp":"2026-09-24T12:44:26.155Z","event":"file.uploaded","actorId":"2","actorUsername":"test","actorEmail":"test@gmail.com","ip":"::1","fileId":"128","fileName":"IMG_3688.JPG","size":7238184}
{"timestamp":"2026-09-24T12:44:26.156Z","event":"file.uploaded","actorId":"2","actorUsername":"test","actorEmail":"test@gmail.com","ip":"::1","fileId":"129","fileName":"IMG_3689.JPG","size":7067048}
{"timestamp":"2026-09-24T12:44:26.156Z","event":"file.uploaded","actorId":"2","actorUsername":"test","actorEmail":"test@gmail.com","ip":"::1","fileId":"130","fileName":"IMG_3690.JPG","size":7527647}
{"timestamp":"2026-09-24T12:44:26.157Z","event":"file.uploaded","actorId":"2","actorUsername":"test","actorEmail":"test@gmail.com","ip":"::1","fileId":"131","fileName":"IMG_3691.JPG","size":7469742}
{"timestamp":"2026-09-24T12:44:26.157Z","event":"file.uploaded","actorId":"2","actorUsername":"test","actorEmail":"test@gmail.com","ip":"::1","fileId":"132","fileName":"IMG_3692.JPG","size":6481905}
{"timestamp":"2026-09-24T12:44:26.158Z","event":"file.uploaded","actorId":"2","actorUsername":"test","actorEmail":"test@gmail.com","ip":"::1","fileId":"133","fileName":"IMG_3693.JPG","size":9200033}
{"timestamp":"2026-09-24T12:44:26.158Z","event":"file.uploaded","actorId":"2","actorUsername":"test","actorEmail":"test@gmail.com","ip":"::1","fileId":"134","fileName":"IMG_3694.JPG","size":8691910}
{"timestamp":"2026-09-24T12:44:26.159Z","event":"file.uploaded","actorId":"2","actorUsername":"test","actorEmail":"test@gmail.com","ip":"::1","fileId":"135","fileName":"IMG_3695.JPG","size":7520683}
{"timestamp":"2026-09-24T12:44:26.159Z","event":"file.uploaded","actorId":"2","actorUsername":"test","actorEmail":"test@gmail.com","ip":"::1","fileId":"136","fileName":"IMG_3696.JPG","size":8945765}
{"timestamp":"2026-09-24T12:44:26.160Z","event":"file.uploaded","actorId":"2","actorUsername":"test","actorEmail":"test@gmail.com","ip":"::1","fileId":"137","fileName":"IMG_3697.JPG","size":8986116}
{"timestamp":"2026-09-24T12:44:26.161Z","event":"file.uploaded","actorId":"2","actorUsername":"test","actorEmail":"test@gmail.com","ip":"::1","fileId":"138","fileName":"IMG_3698.JPG","size":9231771}
{"timestamp":"2026-09-24T12:44:26.161Z","event":"file.uploaded","actorId":"2","actorUsername":"test","actorEmail":"test@gmail.com","ip":"::1","fileId":"139","fileName":"IMG_3699.JPG","size":9602966}
{"timestamp":"2026-09-24T12:44:26.162Z","event":"file.uploaded","actorId":"2","actorUsername":"test","actorEmail":"test@gmail.com","ip":"::1","fileId":"140","fileName":"IMG_3700.JPG","size":9160247}
{"timestamp":"2026-09-24T12:44:26.162Z","event":"file.uploaded","actorId":"2","actorUsername":"test","actorEmail":"test@gmail.com","ip":"::1","fileId":"141","fileName":"IMG_3701.JPG","size":8059433}
{"timestamp":"2026-09-24T12:44:26.162Z","event":"file.uploaded","actorId":"2","actorUsername":"test","actorEmail":"test@gmail.com","ip":"::1","fileId":"142","fileName":"IMG_3702.JPG","size":8658394}
{"timestamp":"2026-09-24T12:44:26.163Z","event":"file.uploaded","actorId":"2","actorUsername":"test","actorEmail":"test@gmail.com","ip":"::1","fileId":"143","fileName":"IMG_3703.JPG","size":8282317}
{"timestamp":"2026-09-24T12:44:26.164Z","event":"file.uploaded","actorId":"2","actorUsername":"test","actorEmail":"test@gmail.com","ip":"::1","fileId":"144","fileName":"IMG_3704.JPG","size":8590343}
{"timestamp":"2026-09-24T12:44:26.164Z","event":"file.uploaded","actorId":"2","actorUsername":"test","actorEmail":"test@gmail.com","ip":"::1","fileId":"145","fileName":"IMG_3705.JPG","size":9180561}
{"timestamp":"2026-09-24T12:44:26.165Z","event":"file.uploaded","actorId":"2","actorUsername":"test","actorEmail":"test@gmail.com","ip":"::1","fileId":"146","fileName":"IMG_3706.JPG","size":7261186}
{"timestamp":"2026-09-24T12:44:26.165Z","event":"file.uploaded","actorId":"2","actorUsername":"test","actorEmail":"test@gmail.com","ip":"::1","fileId":"147","fileName":"IMG_3707.JPG","size":8059617}
{"timestamp":"2026-09-24T12:44:26.166Z","event":"file.uploaded","actorId":"2","actorUsername":"test","actorEmail":"test@gmail.com","ip":"::1","fileId":"148","fileName":"IMG_3708.JPG","size":7833568}
{"timestamp":"2026-09-24T12:44:26.166Z","event":"file.uploaded","actorId":"2","actorUsername":"test","actorEmail":"test@gmail.com","ip":"::1","fileId":"149","fileName":"IMG_3709.JPG","size":7092094}
{"timestamp":"2026-09-24T12:44:26.167Z","event":"file.uploaded","actorId":"2","actorUsername":"test","actorEmail":"test@gmail.com","ip":"::1","fileId":"150","fileName":"IMG_3710.JPG","size":7463817}
{"timestamp":"2026-09-24T12:44:26.167Z","event":"file.uploaded","actorId":"2","actorUsername":"test","actorEmail":"test@gmail.com","ip":"::1","fileId":"151","fileName":"IMG_3711.JPG","size":8173376}
{"timestamp":"2026-09-24T12:44:26.168Z","event":"file.uploaded","actorId":"2","actorUsername":"test","actorEmail":"test@gmail.com","ip":"::1","fileId":"152","fileName":"IMG_3712.JPG","size":8344316}
{"timestamp":"2026-09-24T12:44:26.169Z","event":"file.uploaded","actorId":"2","actorUsername":"test","actorEmail":"test@gmail.com","ip":"::1","fileId":"153","fileName":"IMG_3713.JPG","size":8605744}
{"timestamp":"2026-09-24T12:44:26.169Z","event":"file.uploaded","actorId":"2","actorUsername":"test","actorEmail":"test@gmail.com","ip":"::1","fileId":"154","fileName":"IMG_3714.JPG","size":8374166}
{"timestamp":"2026-09-24T12:44:26.170Z","event":"file.uploaded","actorId":"2","actorUsername":"test","actorEmail":"test@gmail.com","ip":"::1","fileId":"155","fileName":"IMG_3715.JPG","size":7891332}
{"timestamp":"2026-09-24T12:44:26.170Z","event":"file.uploaded","actorId":"2","actorUsername":"test","actorEmail":"test@gmail.com","ip":"::1","fileId":"156","fileName":"IMG_3716.JPG","size":8150455}
{"timestamp":"2026-09-24T12:44:26.171Z","event":"file.uploaded","actorId":"2","actorUsername":"test","actorEmail":"test@gmail.com","ip":"::1","fileId":"157","fileName":"IMG_3717.JPG","size":8549155}
{"timestamp":"2026-09-24T12:44:26.172Z","event":"file.uploaded","actorId":"2","actorUsername":"test","actorEmail":"test@gmail.com","ip":"::1","fileId":"158","fileName":"IMG_3718.JPG","size":6750497}
{"timestamp":"2026-09-24T12:44:26.172Z","event":"file.uploaded","actorId":"2","actorUsername":"test","actorEmail":"test@gmail.com","ip":"::1","fileId":"159","fileName":"IMG_3719.JPG","size":7227066}
{"timestamp":"2026-09-24T12:44:26.173Z","event":"file.uploaded","actorId":"2","actorUsername":"test","actorEmail":"test@gmail.com","ip":"::1","fileId":"160","fileName":"IMG_3720.JPG","size":8897792}
{"timestamp":"2026-09-24T12:44:26.173Z","event":"file.uploaded","actorId":"2","actorUsername":"test","actorEmail":"test@gmail.com","ip":"::1","fileId":"161","fileName":"IMG_3721.JPG","size":8507435}
{"timestamp":"2026-09-24T12:44:26.174Z","event":"file.uploaded","actorId":"2","actorUsername":"test","actorEmail":"test@gmail.com","ip":"::1","fileId":"162","fileName":"IMG_3722.JPG","size":8530375}
{"timestamp":"2026-09-24T12:44:26.174Z","event":"file.uploaded","actorId":"2","actorUsername":"test","actorEmail":"test@gmail.com","ip":"::1","fileId":"163","fileName":"IMG_3723.JPG","size":9159971}
{"timestamp":"2026-09-24T12:44:26.175Z","event":"file.uploaded","actorId":"2","actorUsername":"test","actorEmail":"test@gmail.com","ip":"::1","fileId":"164","fileName":"IMG_3724.JPG","size":9168180}
{"timestamp":"2026-09-24T12:44:26.175Z","event":"file.uploaded","actorId":"2","actorUsername":"test","actorEmail":"test@gmail.com","ip":"::1","fileId":"165","fileName":"IMG_3725.JPG","size":8362201}
{"timestamp":"2026-09-24T12:44:26.176Z","event":"file.uploaded","actorId":"2","actorUsername":"test","actorEmail":"test@gmail.com","ip":"::1","fileId":"166","fileName":"IMG_3726.JPG","size":8541616}
{"timestamp":"2026-09-24T12:44:26.176Z","event":"file.uploaded","actorId":"2","actorUsername":"test","actorEmail":"test@gmail.com","ip":"::1","fileId":"167","fileName":"IMG_3727.JPG","size":8522488}
{"timestamp":"2026-09-24T12:44:26.177Z","event":"file.uploaded","actorId":"2","actorUsername":"test","actorEmail":"test@gmail.com","ip":"::1","fileId":"168","fileName":"IMG_3730.JPG","size":6832363}
{"timestamp":"2026-09-24T12:44:26.177Z","event":"file.uploaded","actorId":"2","actorUsername":"test","actorEmail":"test@gmail.com","ip":"::1","fileId":"169","fileName":"IMG_3731.JPG","size":9396495}
{"timestamp":"2026-09-24T12:44:26.178Z","event":"file.uploaded","actorId":"2","actorUsername":"test","actorEmail":"test@gmail.com","ip":"::1","fileId":"170","fileName":"IMG_3732.JPG","size":8162516}
{"timestamp":"2026-09-24T12:44:26.178Z","event":"file.uploaded","actorId":"2","actorUsername":"test","actorEmail":"test@gmail.com","ip":"::1","fileId":"171","fileName":"IMG_3733.JPG","size":5808186}
{"timestamp":"2026-09-24T12:44:26.179Z","event":"file.uploaded","actorId":"2","actorUsername":"test","actorEmail":"test@gmail.com","ip":"::1","fileId":"172","fileName":"IMG_3734.JPG","size":7438565}
{"timestamp":"2026-09-24T12:44:26.179Z","event":"file.uploaded","actorId":"2","actorUsername":"test","actorEmail":"test@gmail.com","ip":"::1","fileId":"173","fileName":"IMG_3735.JPG","size":6618383}
{"timestamp":"2026-09-24T12:44:26.179Z","event":"file.uploaded","actorId":"2","actorUsername":"test","actorEmail":"test@gmail.com","ip":"::1","fileId":"174","fileName":"IMG_3736.JPG","size":8038082}
{"timestamp":"2026-09-24T12:44:26.180Z","event":"file.uploaded","actorId":"2","actorUsername":"test","actorEmail":"test@gmail.com","ip":"::1","fileId":"175","fileName":"IMG_3737.JPG","size":8083300}
{"timestamp":"2026-09-24T12:44:26.181Z","event":"file.uploaded","actorId":"2","actorUsername":"test","actorEmail":"test@gmail.com","ip":"::1","fileId":"176","fileName":"IMG_3738.JPG","size":7487612}
{"timestamp":"2026-09-24T12:44:26.181Z","event":"file.uploaded","actorId":"2","actorUsername":"test","actorEmail":"test@gmail.com","ip":"::1","fileId":"177","fileName":"IMG_3740.JPG","size":7728389}
{"timestamp":"2026-09-24T12:44:26.182Z","event":"file.uploaded","actorId":"2","actorUsername":"test","actorEmail":"test@gmail.com","ip":"::1","fileId":"178","fileName":"IMG_3741.JPG","size":7950953}
{"timestamp":"2026-09-24T12:44:26.182Z","event":"file.uploaded","actorId":"2","actorUsername":"test","actorEmail":"test@gmail.com","ip":"::1","fileId":"179","fileName":"IMG_3742.JPG","size":7664559}
{"timestamp":"2026-09-24T12:44:26.183Z","event":"file.uploaded","actorId":"2","actorUsername":"test","actorEmail":"test@gmail.com","ip":"::1","fileId":"180","fileName":"IMG_3743.JPG","size":7063496}
{"timestamp":"2026-09-24T12:44:26.183Z","event":"file.uploaded","actorId":"2","actorUsername":"test","actorEmail":"test@gmail.com","ip":"::1","fileId":"181","fileName":"IMG_3744.JPG","size":7195074}
{"timestamp":"2026-09-24T12:44:26.184Z","event":"file.uploaded","actorId":"2","actorUsername":"test","actorEmail":"test@gmail.com","ip":"::1","fileId":"182","fileName":"IMG_3745.JPG","size":6523879}
{"timestamp":"2026-09-24T12:44:26.185Z","event":"file.uploaded","actorId":"2","actorUsername":"test","actorEmail":"test@gmail.com","ip":"::1","fileId":"183","fileName":"IMG_3746.JPG","size":10474060}
{"timestamp":"2026-09-24T12:44:26.185Z","event":"file.uploaded","actorId":"2","actorUsername":"test","actorEmail":"test@gmail.com","ip":"::1","fileId":"184","fileName":"IMG_3747.JPG","size":8878848}
{"timestamp":"2026-09-24T12:44:26.186Z","event":"file.uploaded","actorId":"2","actorUsername":"test","actorEmail":"test@gmail.com","ip":"::1","fileId":"185","fileName":"IMG_3748.JPG","size":7832364}
{"timestamp":"2026-09-24T12:44:26.186Z","event":"file.uploaded","actorId":"2","actorUsername":"test","actorEmail":"test@gmail.com","ip":"::1","fileId":"186","fileName":"IMG_3749.JPG","size":10261742}
{"timestamp":"2026-09-24T12:44:26.187Z","event":"file.uploaded","actorId":"2","actorUsername":"test","actorEmail":"test@gmail.com","ip":"::1","fileId":"187","fileName":"IMG_3750.JPG","size":7333860}
{"timestamp":"2026-09-24T12:44:26.187Z","event":"file.uploaded","actorId":"2","actorUsername":"test","actorEmail":"test@gmail.com","ip":"::1","fileId":"188","fileName":"IMG_3751.JPG","size":5820920}
{"timestamp":"2026-09-24T12:44:26.188Z","event":"file.uploaded","actorId":"2","actorUsername":"test","actorEmail":"test@gmail.com","ip":"::1","fileId":"189","fileName":"IMG_3752.JPG","size":7577974}
{"timestamp":"2026-09-24T12:44:26.189Z","event":"file.uploaded","actorId":"2","actorUsername":"test","actorEmail":"test@gmail.com","ip":"::1","fileId":"190","fileName":"IMG_3753.JPG","size":6377110}
{"timestamp":"2026-09-24T12:44:26.189Z","event":"file.uploaded","actorId":"2","actorUsername":"test","actorEmail":"test@gmail.com","ip":"::1","fileId":"191","fileName":"IMG_3754.JPG","size":7522847}
{"timestamp":"2026-09-24T12:44:26.189Z","event":"file.uploaded","actorId":"2","actorUsername":"test","actorEmail":"test@gmail.com","ip":"::1","fileId":"192","fileName":"IMG_3755.JPG","size":9328451}
{"timestamp":"2026-09-24T12:44:26.190Z","event":"file.uploaded","actorId":"2","actorUsername":"test","actorEmail":"test@gmail.com","ip":"::1","fileId":"193","fileName":"IMG_3756.JPG","size":7159004}
{"timestamp":"2026-09-24T12:44:26.190Z","event":"file.uploaded","actorId":"2","actorUsername":"test","actorEmail":"test@gmail.com","ip":"::1","fileId":"194","fileName":"IMG_3757.JPG","size":8516448}
{"timestamp":"2026-09-24T12:44:26.191Z","event":"file.uploaded","actorId":"2","actorUsername":"test","actorEmail":"test@gmail.com","ip":"::1","fileId":"195","fileName":"IMG_3758.JPG","size":8593252}
{"timestamp":"2026-09-24T12:44:26.191Z","event":"file.uploaded","actorId":"2","actorUsername":"test","actorEmail":"test@gmail.com","ip":"::1","fileId":"196","fileName":"IMG_3759.JPG","size":6138415}
{"timestamp":"2026-09-24T12:44:26.192Z","event":"file.uploaded","actorId":"2","actorUsername":"test","actorEmail":"test@gmail.com","ip":"::1","fileId":"197","fileName":"IMG_3760.JPG","size":7245914}
{"timestamp":"2026-09-24T12:44:26.192Z","event":"file.uploaded","actorId":"2","actorUsername":"test","actorEmail":"test@gmail.com","ip":"::1","fileId":"198","fileName":"IMG_3761.JPG","size":9071240}
{"timestamp":"2026-09-24T12:44:26.193Z","event":"file.uploaded","actorId":"2","actorUsername":"test","actorEmail":"test@gmail.com","ip":"::1","fileId":"199","fileName":"IMG_3762.JPG","size":7800804}
{"timestamp":"2026-09-24T12:44:26.193Z","event":"file.uploaded","actorId":"2","actorUsername":"test","actorEmail":"test@gmail.com","ip":"::1","fileId":"200","fileName":"IMG_3763.JPG","size":10144938}
{"timestamp":"2026-09-24T12:44:26.194Z","event":"file.uploaded","actorId":"2","actorUsername":"test","actorEmail":"test@gmail.com","ip":"::1","fileId":"201","fileName":"IMG_3764.JPG","size":8301152}
{"timestamp":"2026-09-24T12:44:26.194Z","event":"file.uploaded","actorId":"2","actorUsername":"test","actorEmail":"test@gmail.com","ip":"::1","fileId":"202","fileName":"IMG_3765.JPG","size":11078414}
{"timestamp":"2026-09-24T12:44:26.195Z","event":"file.uploaded","actorId":"2","actorUsername":"test","actorEmail":"test@gmail.com","ip":"::1","fileId":"203","fileName":"IMG_3766.JPG","size":8225145}
{"timestamp":"2026-09-24T12:44:26.195Z","event":"file.uploaded","actorId":"2","actorUsername":"test","actorEmail":"test@gmail.com","ip":"::1","fileId":"204","fileName":"IMG_3767.JPG","size":8256319}
{"timestamp":"2026-09-24T12:44:26.196Z","event":"file.uploaded","actorId":"2","actorUsername":"test","actorEmail":"test@gmail.com","ip":"::1","fileId":"205","fileName":"IMG_3768.JPG","size":7453746}
{"timestamp":"2026-09-24T12:44:26.196Z","event":"file.uploaded","actorId":"2","actorUsername":"test","actorEmail":"test@gmail.com","ip":"::1","fileId":"206","fileName":"IMG_3769.JPG","size":6109151}
{"timestamp":"2026-09-24T12:44:26.197Z","event":"file.uploaded","actorId":"2","actorUsername":"test","actorEmail":"test@gmail.com","ip":"::1","fileId":"207","fileName":"IMG_3770.JPG","size":6195077}
{"timestamp":"2026-09-24T12:44:26.197Z","event":"file.uploaded","actorId":"2","actorUsername":"test","actorEmail":"test@gmail.com","ip":"::1","fileId":"208","fileName":"IMG_3771.JPG","size":6603351}
{"timestamp":"2026-09-24T12:44:26.198Z","event":"file.uploaded","actorId":"2","actorUsername":"test","actorEmail":"test@gmail.com","ip":"::1","fileId":"209","fileName":"IMG_3772.JPG","size":8053658}
{"timestamp":"2026-09-24T12:44:26.198Z","event":"file.uploaded","actorId":"2","actorUsername":"test","actorEmail":"test@gmail.com","ip":"::1","fileId":"210","fileName":"IMG_3773.JPG","size":7841921}
{"timestamp":"2026-09-24T12:44:26.199Z","event":"file.uploaded","actorId":"2","actorUsername":"test","actorEmail":"test@gmail.com","ip":"::1","fileId":"211","fileName":"IMG_3775.JPG","size":4759485}
{"timestamp":"2026-09-24T12:44:26.200Z","event":"file.uploaded","actorId":"2","actorUsername":"test","actorEmail":"test@gmail.com","ip":"::1","fileId":"212","fileName":"IMG_3782.JPG","size":8504893}
{"timestamp":"2026-09-24T12:44:26.201Z","event":"file.uploaded","actorId":"2","actorUsername":"test","actorEmail":"test@gmail.com","ip":"::1","fileId":"213","fileName":"IMG_3783.JPG","size":7662855}
{"timestamp":"2026-09-24T12:44:26.201Z","event":"file.uploaded","actorId":"2","actorUsername":"test","actorEmail":"test@gmail.com","ip":"::1","fileId":"214","fileName":"IMG_3784.JPG","size":7927762}
{"timestamp":"2026-09-24T12:44:26.202Z","event":"file.uploaded","actorId":"2","actorUsername":"test","actorEmail":"test@gmail.com","ip":"::1","fileId":"215","fileName":"IMG_3791.JPG","size":6368898}
{"timestamp":"2026-09-24T12:44:26.203Z","event":"file.uploaded","actorId":"2","actorUsername":"test","actorEmail":"test@gmail.com","ip":"::1","fileId":"216","fileName":"IMG_3792.JPG","size":6947392}
{"timestamp":"2026-09-24T12:44:26.203Z","event":"file.uploaded","actorId":"2","actorUsername":"test","actorEmail":"test@gmail.com","ip":"::1","fileId":"217","fileName":"IMG_3793.JPG","size":7968299}
{"timestamp":"2026-09-24T12:44:26.204Z","event":"file.uploaded","actorId":"2","actorUsername":"test","actorEmail":"test@gmail.com","ip":"::1","fileId":"218","fileName":"IMG_3795.JPG","size":6515674}
{"timestamp":"2026-09-24T12:44:26.204Z","event":"file.uploaded","actorId":"2","actorUsername":"test","actorEmail":"test@gmail.com","ip":"::1","fileId":"219","fileName":"IMG_3796.JPG","size":7911779}
{"timestamp":"2026-09-24T12:44:26.205Z","event":"file.uploaded","actorId":"2","actorUsername":"test","actorEmail":"test@gmail.com","ip":"::1","fileId":"220","fileName":"IMG_3797.JPG","size":7975807}
{"timestamp":"2026-09-24T12:44:26.205Z","event":"file.uploaded","actorId":"2","actorUsername":"test","actorEmail":"test@gmail.com","ip":"::1","fileId":"221","fileName":"IMG_3798.JPG","size":6941061}
{"timestamp":"2026-09-24T12:44:26.206Z","event":"file.uploaded","actorId":"2","actorUsername":"test","actorEmail":"test@gmail.com","ip":"::1","fileId":"222","fileName":"IMG_3799.JPG","size":6306600}
{"timestamp":"2026-09-24T12:44:26.206Z","event":"file.uploaded","actorId":"2","actorUsername":"test","actorEmail":"test@gmail.com","ip":"::1","fileId":"223","fileName":"IMG_3800.JPG","size":6536413}
{"timestamp":"2026-09-24T12:44:26.207Z","event":"file.uploaded","actorId":"2","actorUsername":"test","actorEmail":"test@gmail.com","ip":"::1","fileId":"224","fileName":"IMG_3801.JPG","size":6135562}
{"timestamp":"2026-09-24T12:44:26.207Z","event":"file.uploaded","actorId":"2","actorUsername":"test","actorEmail":"test@gmail.com","ip":"::1","fileId":"225","fileName":"IMG_3802.JPG","size":7901388}
{"timestamp":"2026-09-24T12:44:26.208Z","event":"file.uploaded","actorId":"2","actorUsername":"test","actorEmail":"test@gmail.com","ip":"::1","fileId":"226","fileName":"IMG_3803.JPG","size":8032940}
{"timestamp":"2026-09-24T12:44:26.208Z","event":"file.uploaded","actorId":"2","actorUsername":"test","actorEmail":"test@gmail.com","ip":"::1","fileId":"227","fileName":"IMG_3804.JPG","size":7818129}
{"timestamp":"2026-09-24T12:44:26.209Z","event":"file.uploaded","actorId":"2","actorUsername":"test","actorEmail":"test@gmail.com","ip":"::1","fileId":"228","fileName":"IMG_3805.JPG","size":7495131}
{"timestamp":"2026-09-24T12:44:26.209Z","event":"file.uploaded","actorId":"2","actorUsername":"test","actorEmail":"test@gmail.com","ip":"::1","fileId":"229","fileName":"IMG_3807.JPG","size":8074505}
{"timestamp":"2026-09-24T12:44:26.210Z","event":"file.uploaded","actorId":"2","actorUsername":"test","actorEmail":"test@gmail.com","ip":"::1","fileId":"230","fileName":"IMG_3808.JPG","size":7746641}
{"timestamp":"2026-09-24T12:44:26.210Z","event":"file.uploaded","actorId":"2","actorUsername":"test","actorEmail":"test@gmail.com","ip":"::1","fileId":"231","fileName":"IMG_3810.JPG","size":6393252}
{"timestamp":"2026-09-24T12:44:26.211Z","event":"file.uploaded","actorId":"2","actorUsername":"test","actorEmail":"test@gmail.com","ip":"::1","fileId":"232","fileName":"IMG_3811.JPG","size":6160041}
{"timestamp":"2026-09-24T12:44:26.211Z","event":"file.uploaded","actorId":"2","actorUsername":"test","actorEmail":"test@gmail.com","ip":"::1","fileId":"233","fileName":"IMG_3812.JPG","size":5850308}
{"timestamp":"2026-09-24T12:44:26.212Z","event":"file.uploaded","actorId":"2","actorUsername":"test","actorEmail":"test@gmail.com","ip":"::1","fileId":"234","fileName":"IMG_3813.JPG","size":6247574}
{"timestamp":"2026-09-24T12:44:26.212Z","event":"file.uploaded","actorId":"2","actorUsername":"test","actorEmail":"test@gmail.com","ip":"::1","fileId":"235","fileName":"IMG_3814.JPG","size":7555075}
{"timestamp":"2026-09-24T12:44:26.213Z","event":"file.uploaded","actorId":"2","actorUsername":"test","actorEmail":"test@gmail.com","ip":"::1","fileId":"236","fileName":"IMG_3815.JPG","size":7405352}
{"timestamp":"2026-09-24T12:44:26.213Z","event":"file.uploaded","actorId":"2","actorUsername":"test","actorEmail":"test@gmail.com","ip":"::1","fileId":"237","fileName":"IMG_3816.JPG","size":7130320}
{"timestamp":"2026-09-24T12:44:26.214Z","event":"file.uploaded","actorId":"2","actorUsername":"test","actorEmail":"test@gmail.com","ip":"::1","fileId":"238","fileName":"IMG_3817.JPG","size":7057644}
{"timestamp":"2026-09-24T12:44:26.214Z","event":"file.uploaded","actorId":"2","actorUsername":"test","actorEmail":"test@gmail.com","ip":"::1","fileId":"239","fileName":"IMG_3818.JPG","size":8213978}
{"timestamp":"2026-09-24T12:44:26.215Z","event":"file.uploaded","actorId":"2","actorUsername":"test","actorEmail":"test@gmail.com","ip":"::1","fileId":"240","fileName":"IMG_3819.JPG","size":7652330}
{"timestamp":"2026-09-24T12:44:26.216Z","event":"file.uploaded","actorId":"2","actorUsername":"test","actorEmail":"test@gmail.com","ip":"::1","fileId":"241","fileName":"IMG_3820.JPG","size":8172814}
{"timestamp":"2026-09-24T12:44:26.217Z","event":"file.uploaded","actorId":"2","actorUsername":"test","actorEmail":"test@gmail.com","ip":"::1","fileId":"242","fileName":"IMG_3822.JPG","size":7489500}
{"timestamp":"2026-09-24T12:44:26.217Z","event":"file.uploaded","actorId":"2","actorUsername":"test","actorEmail":"test@gmail.com","ip":"::1","fileId":"243","fileName":"IMG_3823.JPG","size":8130346}
{"timestamp":"2026-09-24T12:44:26.218Z","event":"file.uploaded","actorId":"2","actorUsername":"test","actorEmail":"test@gmail.com","ip":"::1","fileId":"244","fileName":"IMG_3824.JPG","size":7641378}
{"timestamp":"2026-09-24T12:44:26.218Z","event":"file.uploaded","actorId":"2","actorUsername":"test","actorEmail":"test@gmail.com","ip":"::1","fileId":"245","fileName":"IMG_3825.JPG","size":8135356}
{"timestamp":"2026-09-24T12:44:26.219Z","event":"file.uploaded","actorId":"2","actorUsername":"test","actorEmail":"test@gmail.com","ip":"::1","fileId":"246","fileName":"IMG_3829.JPG","size":6586223}
{"timestamp":"2026-09-24T12:44:26.219Z","event":"file.uploaded","actorId":"2","actorUsername":"test","actorEmail":"test@gmail.com","ip":"::1","fileId":"247","fileName":"IMG_3830.JPG","size":7701004}
{"timestamp":"2026-09-24T12:44:26.219Z","event":"file.uploaded","actorId":"2","actorUsername":"test","actorEmail":"test@gmail.com","ip":"::1","fileId":"248","fileName":"IMG_3831.JPG","size":8384822}
{"timestamp":"2026-09-24T12:44:26.220Z","event":"file.uploaded","actorId":"2","actorUsername":"test","actorEmail":"test@gmail.com","ip":"::1","fileId":"249","fileName":"IMG_3832.JPG","size":8251519}
{"timestamp":"2026-09-24T12:44:26.220Z","event":"file.uploaded","actorId":"2","actorUsername":"test","actorEmail":"test@gmail.com","ip":"::1","fileId":"250","fileName":"IMG_3833.JPG","size":8237590}
{"timestamp":"2026-09-24T12:44:26.221Z","event":"file.uploaded","actorId":"2","actorUsername":"test","actorEmail":"test@gmail.com","ip":"::1","fileId":"251","fileName":"IMG_3836.JPG","size":8143181}
{"timestamp":"2026-09-24T12:44:26.221Z","event":"file.uploaded","actorId":"2","actorUsername":"test","actorEmail":"test@gmail.com","ip":"::1","fileId":"252","fileName":"IMG_3837.JPG","size":7853659}
{"timestamp":"2026-09-24T12:44:26.222Z","event":"file.uploaded","actorId":"2","actorUsername":"test","actorEmail":"test@gmail.com","ip":"::1","fileId":"253","fileName":"IMG_3838.JPG","size":6055002}
{"timestamp":"2026-09-24T12:44:26.222Z","event":"file.uploaded","actorId":"2","actorUsername":"test","actorEmail":"test@gmail.com","ip":"::1","fileId":"254","fileName":"IMG_3839.JPG","size":7821845}
{"timestamp":"2026-09-24T12:44:26.223Z","event":"file.uploaded","actorId":"2","actorUsername":"test","actorEmail":"test@gmail.com","ip":"::1","fileId":"255","fileName":"IMG_3840.JPG","size":8700608}
{"timestamp":"2026-09-24T12:44:26.223Z","event":"file.uploaded","actorId":"2","actorUsername":"test","actorEmail":"test@gmail.com","ip":"::1","fileId":"256","fileName":"IMG_3841.JPG","size":7949894}
{"timestamp":"2026-09-24T12:44:26.223Z","event":"file.uploaded","actorId":"2","actorUsername":"test","actorEmail":"test@gmail.com","ip":"::1","fileId":"257","fileName":"IMG_3842.JPG","size":6966848}
{"timestamp":"2026-09-24T12:44:26.224Z","event":"file.uploaded","actorId":"2","actorUsername":"test","actorEmail":"test@gmail.com","ip":"::1","fileId":"258","fileName":"IMG_3843.JPG","size":7609237}
{"timestamp":"2026-09-24T12:44:26.224Z","event":"file.uploaded","actorId":"2","actorUsername":"test","actorEmail":"test@gmail.com","ip":"::1","fileId":"259","fileName":"IMG_3844.JPG","size":8801545}
{"timestamp":"2026-09-24T12:44:26.225Z","event":"file.uploaded","actorId":"2","actorUsername":"test","actorEmail":"test@gmail.com","ip":"::1","fileId":"260","fileName":"IMG_3845.JPG","size":9387302}
{"timestamp":"2026-09-24T12:44:26.226Z","event":"file.uploaded","actorId":"2","actorUsername":"test","actorEmail":"test@gmail.com","ip":"::1","fileId":"261","fileName":"IMG_3846.JPG","size":8557748}
{"timestamp":"2026-09-24T12:44:26.226Z","event":"file.uploaded","actorId":"2","actorUsername":"test","actorEmail":"test@gmail.com","ip":"::1","fileId":"262","fileName":"IMG_3847.JPG","size":8360783}
{"timestamp":"2026-09-24T12:44:26.227Z","event":"file.uploaded","actorId":"2","actorUsername":"test","actorEmail":"test@gmail.com","ip":"::1","fileId":"263","fileName":"IMG_3848.JPG","size":8859905}
{"timestamp":"2026-09-24T12:44:26.227Z","event":"file.uploaded","actorId":"2","actorUsername":"test","actorEmail":"test@gmail.com","ip":"::1","fileId":"264","fileName":"IMG_3849.JPG","size":10018558}
{"timestamp":"2026-09-24T12:44:26.228Z","event":"file.uploaded","actorId":"2","actorUsername":"test","actorEmail":"test@gmail.com","ip":"::1","fileId":"265","fileName":"IMG_3850.JPG","size":6097909}
{"timestamp":"2026-09-24T12:44:26.228Z","event":"file.uploaded","actorId":"2","actorUsername":"test","actorEmail":"test@gmail.com","ip":"::1","fileId":"266","fileName":"IMG_3851.JPG","size":9349920}
{"timestamp":"2026-09-24T12:44:26.228Z","event":"file.uploaded","actorId":"2","actorUsername":"test","actorEmail":"test@gmail.com","ip":"::1","fileId":"267","fileName":"IMG_3852.JPG","size":9734932}
{"timestamp":"2026-09-24T12:44:26.229Z","event":"file.uploaded","actorId":"2","actorUsername":"test","actorEmail":"test@gmail.com","ip":"::1","fileId":"268","fileName":"IMG_3853.JPG","size":10271925}
{"timestamp":"2026-09-24T12:44:26.229Z","event":"file.uploaded","actorId":"2","actorUsername":"test","actorEmail":"test@gmail.com","ip":"::1","fileId":"269","fileName":"IMG_3854.JPG","size":10296351}
{"timestamp":"2026-09-24T12:44:26.230Z","event":"file.uploaded","actorId":"2","actorUsername":"test","actorEmail":"test@gmail.com","ip":"::1","fileId":"270","fileName":"IMG_3855.JPG","size":9703807}
{"timestamp":"2026-09-24T12:44:26.230Z","event":"file.uploaded","actorId":"2","actorUsername":"test","actorEmail":"test@gmail.com","ip":"::1","fileId":"271","fileName":"IMG_3856.JPG","size":9672350}
{"timestamp":"2026-09-24T12:44:26.231Z","event":"file.uploaded","actorId":"2","actorUsername":"test","actorEmail":"test@gmail.com","ip":"::1","fileId":"272","fileName":"IMG_3857.JPG","size":9630828}
{"timestamp":"2026-09-24T12:44:26.231Z","event":"file.uploaded","actorId":"2","actorUsername":"test","actorEmail":"test@gmail.com","ip":"::1","fileId":"273","fileName":"IMG_3858.JPG","size":7995345}
{"timestamp":"2026-09-24T12:44:26.232Z","event":"file.uploaded","actorId":"2","actorUsername":"test","actorEmail":"test@gmail.com","ip":"::1","fileId":"274","fileName":"IMG_3859.JPG","size":6949096}
{"timestamp":"2026-09-24T12:44:26.233Z","event":"file.uploaded","actorId":"2","actorUsername":"test","actorEmail":"test@gmail.com","ip":"::1","fileId":"275","fileName":"IMG_3860.JPG","size":8057180}
{"timestamp":"2026-09-24T12:44:26.233Z","event":"file.uploaded","actorId":"2","actorUsername":"test","actorEmail":"test@gmail.com","ip":"::1","fileId":"276","fileName":"IMG_3861.JPG","size":8416341}
{"timestamp":"2026-09-24T12:44:26.234Z","event":"file.uploaded","actorId":"2","actorUsername":"test","actorEmail":"test@gmail.com","ip":"::1","fileId":"277","fileName":"IMG_3862.JPG","size":9395305}
{"timestamp":"2026-09-24T12:44:26.234Z","event":"file.uploaded","actorId":"2","actorUsername":"test","actorEmail":"test@gmail.com","ip":"::1","fileId":"278","fileName":"IMG_3863.JPG","size":9842066}
{"timestamp":"2026-09-24T12:44:26.235Z","event":"file.uploaded","actorId":"2","actorUsername":"test","actorEmail":"test@gmail.com","ip":"::1","fileId":"279","fileName":"IMG_3864.JPG","size":9527986}
{"timestamp":"2026-09-24T12:44:26.236Z","event":"file.uploaded","actorId":"2","actorUsername":"test","actorEmail":"test@gmail.com","ip":"::1","fileId":"280","fileName":"IMG_3865.JPG","size":8946261}
{"timestamp":"2026-09-24T12:44:26.236Z","event":"file.uploaded","actorId":"2","actorUsername":"test","actorEmail":"test@gmail.com","ip":"::1","fileId":"281","fileName":"IMG_3866.JPG","size":7754438}
{"timestamp":"2026-09-24T12:44:26.237Z","event":"file.uploaded","actorId":"2","actorUsername":"test","actorEmail":"test@gmail.com","ip":"::1","fileId":"282","fileName":"IMG_3867.JPG","size":8037674}
{"timestamp":"2026-09-24T12:44:26.237Z","event":"file.uploaded","actorId":"2","actorUsername":"test","actorEmail":"test@gmail.com","ip":"::1","fileId":"283","fileName":"IMG_3868.JPG","size":8112907}
{"timestamp":"2026-09-24T12:44:26.238Z","event":"file.uploaded","actorId":"2","actorUsername":"test","actorEmail":"test@gmail.com","ip":"::1","fileId":"284","fileName":"IMG_3869.JPG","size":7522982}
{"timestamp":"2026-09-24T12:44:26.238Z","event":"file.uploaded","actorId":"2","actorUsername":"test","actorEmail":"test@gmail.com","ip":"::1","fileId":"285","fileName":"IMG_3870.JPG","size":7724963}
{"timestamp":"2026-09-24T12:44:26.239Z","event":"file.uploaded","actorId":"2","actorUsername":"test","actorEmail":"test@gmail.com","ip":"::1","fileId":"286","fileName":"IMG_3871.JPG","size":7913783}
{"timestamp":"2026-09-24T12:44:26.239Z","event":"file.uploaded","actorId":"2","actorUsername":"test","actorEmail":"test@gmail.com","ip":"::1","fileId":"287","fileName":"IMG_3872.JPG","size":7603030}
{"timestamp":"2026-09-24T12:44:26.239Z","event":"file.uploaded","actorId":"2","actorUsername":"test","actorEmail":"test@gmail.com","ip":"::1","fileId":"288","fileName":"IMG_3873.JPG","size":8521558}
{"timestamp":"2026-09-24T12:44:26.240Z","event":"file.uploaded","actorId":"2","actorUsername":"test","actorEmail":"test@gmail.com","ip":"::1","fileId":"289","fileName":"IMG_3874.JPG","size":6302433}
{"timestamp":"2026-09-24T12:44:26.240Z","event":"file.uploaded","actorId":"2","actorUsername":"test","actorEmail":"test@gmail.com","ip":"::1","fileId":"290","fileName":"IMG_3875.JPG","size":6770039}
{"timestamp":"2026-09-24T12:44:26.241Z","event":"file.uploaded","actorId":"2","actorUsername":"test","actorEmail":"test@gmail.com","ip":"::1","fileId":"291","fileName":"IMG_3876.JPG","size":8119506}
{"timestamp":"2026-09-24T12:44:26.241Z","event":"file.uploaded","actorId":"2","actorUsername":"test","actorEmail":"test@gmail.com","ip":"::1","fileId":"292","fileName":"IMG_3877.JPG","size":7903173}
{"timestamp":"2026-09-24T12:44:26.242Z","event":"file.uploaded","actorId":"2","actorUsername":"test","actorEmail":"test@gmail.com","ip":"::1","fileId":"293","fileName":"IMG_3878.JPG","size":7360114}
{"timestamp":"2026-09-24T12:44:26.242Z","event":"file.uploaded","actorId":"2","actorUsername":"test","actorEmail":"test@gmail.com","ip":"::1","fileId":"294","fileName":"IMG_3879.JPG","size":7305863}
{"timestamp":"2026-09-24T12:44:26.243Z","event":"file.uploaded","actorId":"2","actorUsername":"test","actorEmail":"test@gmail.com","ip":"::1","fileId":"295","fileName":"IMG_3880.JPG","size":6043897}
{"timestamp":"2026-09-24T12:44:26.243Z","event":"file.uploaded","actorId":"2","actorUsername":"test","actorEmail":"test@gmail.com","ip":"::1","fileId":"296","fileName":"IMG_3881.JPG","size":7340169}
{"timestamp":"2026-09-24T12:44:26.244Z","event":"file.uploaded","actorId":"2","actorUsername":"test","actorEmail":"test@gmail.com","ip":"::1","fileId":"297","fileName":"IMG_3882.JPG","size":7567590}
{"timestamp":"2026-09-24T12:44:26.244Z","event":"file.uploaded","actorId":"2","actorUsername":"test","actorEmail":"test@gmail.com","ip":"::1","fileId":"298","fileName":"IMG_3883.JPG","size":8247507}
{"timestamp":"2026-09-24T12:44:26.244Z","event":"file.uploaded","actorId":"2","actorUsername":"test","actorEmail":"test@gmail.com","ip":"::1","fileId":"299","fileName":"IMG_3884.JPG","size":7312779}
{"timestamp":"2026-09-24T12:44:26.245Z","event":"file.uploaded","actorId":"2","actorUsername":"test","actorEmail":"test@gmail.com","ip":"::1","fileId":"300","fileName":"IMG_3885.JPG","size":7647816}
{"timestamp":"2026-09-24T12:44:26.245Z","event":"file.uploaded","actorId":"2","actorUsername":"test","actorEmail":"test@gmail.com","ip":"::1","fileId":"301","fileName":"IMG_3886.JPG","size":7736736}
{"timestamp":"2026-09-24T12:44:26.246Z","event":"file.uploaded","actorId":"2","actorUsername":"test","actorEmail":"test@gmail.com","ip":"::1","fileId":"302","fileName":"IMG_3887.JPG","size":8500662}
{"timestamp":"2026-09-24T12:44:26.247Z","event":"file.uploaded","actorId":"2","actorUsername":"test","actorEmail":"test@gmail.com","ip":"::1","fileId":"303","fileName":"IMG_3888.JPG","size":8288296}
{"timestamp":"2026-09-24T12:44:26.247Z","event":"file.uploaded","actorId":"2","actorUsername":"test","actorEmail":"test@gmail.com","ip":"::1","fileId":"304","fileName":"IMG_3889.JPG","size":8856665}
{"timestamp":"2026-09-24T12:44:26.248Z","event":"file.uploaded","actorId":"2","actorUsername":"test","actorEmail":"test@gmail.com","ip":"::1","fileId":"305","fileName":"IMG_3890.JPG","size":8358085}
{"timestamp":"2026-09-24T12:44:26.248Z","event":"file.uploaded","actorId":"2","actorUsername":"test","actorEmail":"test@gmail.com","ip":"::1","fileId":"306","fileName":"IMG_3891.JPG","size":8174006}
{"timestamp":"2026-09-24T12:44:26.249Z","event":"file.uploaded","actorId":"2","actorUsername":"test","actorEmail":"test@gmail.com","ip":"::1","fileId":"307","fileName":"IMG_3892.JPG","size":8739249}
{"timestamp":"2026-09-24T12:44:26.249Z","event":"file.uploaded","actorId":"2","actorUsername":"test","actorEmail":"test@gmail.com","ip":"::1","fileId":"308","fileName":"IMG_3893.JPG","size":6301071}
{"timestamp":"2026-09-24T12:44:26.250Z","event":"file.uploaded","actorId":"2","actorUsername":"test","actorEmail":"test@gmail.com","ip":"::1","fileId":"309","fileName":"IMG_3894.JPG","size":8549382}
{"timestamp":"2026-09-24T12:44:26.251Z","event":"file.uploaded","actorId":"2","actorUsername":"test","actorEmail":"test@gmail.com","ip":"::1","fileId":"310","fileName":"IMG_3895.JPG","size":8217128}
{"timestamp":"2026-09-24T12:44:26.251Z","event":"file.uploaded","actorId":"2","actorUsername":"test","actorEmail":"test@gmail.com","ip":"::1","fileId":"311","fileName":"IMG_3896.JPG","size":7978586}
{"timestamp":"2026-09-24T12:44:26.252Z","event":"file.uploaded","actorId":"2","actorUsername":"test","actorEmail":"test@gmail.com","ip":"::1","fileId":"312","fileName":"IMG_3897.JPG","size":8389204}
{"timestamp":"2026-09-24T12:44:26.252Z","event":"file.uploaded","actorId":"2","actorUsername":"test","actorEmail":"test@gmail.com","ip":"::1","fileId":"313","fileName":"IMG_3898.JPG","size":7717965}
{"timestamp":"2026-09-24T12:44:26.253Z","event":"file.uploaded","actorId":"2","actorUsername":"test","actorEmail":"test@gmail.com","ip":"::1","fileId":"314","fileName":"IMG_3899.JPG","size":7857924}
{"timestamp":"2026-09-24T12:44:26.253Z","event":"file.uploaded","actorId":"2","actorUsername":"test","actorEmail":"test@gmail.com","ip":"::1","fileId":"315","fileName":"IMG_3900.JPG","size":8623111}
{"timestamp":"2026-09-24T12:44:26.254Z","event":"file.uploaded","actorId":"2","actorUsername":"test","actorEmail":"test@gmail.com","ip":"::1","fileId":"316","fileName":"IMG_3901.JPG","size":6684148}
{"timestamp":"2026-09-24T12:44:26.254Z","event":"file.uploaded","actorId":"2","actorUsername":"test","actorEmail":"test@gmail.com","ip":"::1","fileId":"317","fileName":"IMG_3902.JPG","size":7125837}
{"timestamp":"2026-09-24T12:44:26.255Z","event":"file.uploaded","actorId":"2","actorUsername":"test","actorEmail":"test@gmail.com","ip":"::1","fileId":"318","fileName":"IMG_3903.JPG","size":8662554}
{"timestamp":"2026-09-24T12:44:26.255Z","event":"file.uploaded","actorId":"2","actorUsername":"test","actorEmail":"test@gmail.com","ip":"::1","fileId":"319","fileName":"IMG_3904.JPG","size":8499989}
{"timestamp":"2026-09-24T12:44:26.256Z","event":"file.uploaded","actorId":"2","actorUsername":"test","actorEmail":"test@gmail.com","ip":"::1","fileId":"320","fileName":"IMG_3905.JPG","size":8396278}
{"timestamp":"2026-09-24T12:44:26.256Z","event":"file.uploaded","actorId":"2","actorUsername":"test","actorEmail":"test@gmail.com","ip":"::1","fileId":"321","fileName":"IMG_3906.JPG","size":8794605}
{"timestamp":"2026-09-24T12:44:26.257Z","event":"file.uploaded","actorId":"2","actorUsername":"test","actorEmail":"test@gmail.com","ip":"::1","fileId":"322","fileName":"IMG_3907.JPG","size":7479941}
{"timestamp":"2026-09-24T12:44:26.257Z","event":"file.uploaded","actorId":"2","actorUsername":"test","actorEmail":"test@gmail.com","ip":"::1","fileId":"323","fileName":"IMG_3908.JPG","size":8921526}
{"timestamp":"2026-09-24T12:44:26.257Z","event":"file.uploaded","actorId":"2","actorUsername":"test","actorEmail":"test@gmail.com","ip":"::1","fileId":"324","fileName":"IMG_3909.JPG","size":9738912}
{"timestamp":"2026-09-24T12:44:26.258Z","event":"file.uploaded","actorId":"2","actorUsername":"test","actorEmail":"test@gmail.com","ip":"::1","fileId":"325","fileName":"IMG_3910.JPG","size":9270165}
{"timestamp":"2026-09-24T12:44:26.258Z","event":"file.uploaded","actorId":"2","actorUsername":"test","actorEmail":"test@gmail.com","ip":"::1","fileId":"326","fileName":"IMG_3911.JPG","size":7516029}
{"timestamp":"2026-09-24T12:44:26.259Z","event":"file.uploaded","actorId":"2","actorUsername":"test","actorEmail":"test@gmail.com","ip":"::1","fileId":"327","fileName":"IMG_3912.JPG","size":7135241}
{"timestamp":"2026-09-24T12:44:26.259Z","event":"file.uploaded","actorId":"2","actorUsername":"test","actorEmail":"test@gmail.com","ip":"::1","fileId":"328","fileName":"IMG_3913.JPG","size":7841549}
{"timestamp":"2026-09-24T12:44:26.260Z","event":"file.uploaded","actorId":"2","actorUsername":"test","actorEmail":"test@gmail.com","ip":"::1","fileId":"329","fileName":"IMG_3914.JPG","size":8315964}
{"timestamp":"2026-09-24T12:44:26.260Z","event":"file.uploaded","actorId":"2","actorUsername":"test","actorEmail":"test@gmail.com","ip":"::1","fileId":"330","fileName":"IMG_3915.JPG","size":8788872}
{"timestamp":"2026-09-24T12:44:26.260Z","event":"file.uploaded","actorId":"2","actorUsername":"test","actorEmail":"test@gmail.com","ip":"::1","fileId":"331","fileName":"IMG_3916.JPG","size":5717128}
{"timestamp":"2026-09-24T12:44:26.261Z","event":"file.uploaded","actorId":"2","actorUsername":"test","actorEmail":"test@gmail.com","ip":"::1","fileId":"332","fileName":"IMG_3917.JPG","size":7599806}
{"timestamp":"2026-09-24T12:44:26.261Z","event":"file.uploaded","actorId":"2","actorUsername":"test","actorEmail":"test@gmail.com","ip":"::1","fileId":"333","fileName":"IMG_3918.JPG","size":8080461}
{"timestamp":"2026-09-24T12:44:26.262Z","event":"file.uploaded","actorId":"2","actorUsername":"test","actorEmail":"test@gmail.com","ip":"::1","fileId":"334","fileName":"IMG_3919.JPG","size":8025282}
{"timestamp":"2026-09-24T12:44:26.262Z","event":"file.uploaded","actorId":"2","actorUsername":"test","actorEmail":"test@gmail.com","ip":"::1","fileId":"335","fileName":"IMG_3920.JPG","size":8793150}
{"timestamp":"2026-09-24T12:44:26.262Z","event":"file.uploaded","actorId":"2","actorUsername":"test","actorEmail":"test@gmail.com","ip":"::1","fileId":"336","fileName":"IMG_3921.JPG","size":8128095}
{"timestamp":"2026-09-24T12:44:26.263Z","event":"file.uploaded","actorId":"2","actorUsername":"test","actorEmail":"test@gmail.com","ip":"::1","fileId":"337","fileName":"IMG_3922.JPG","size":8322478}
{"timestamp":"2026-09-24T12:44:26.263Z","event":"file.uploaded","actorId":"2","actorUsername":"test","actorEmail":"test@gmail.com","ip":"::1","fileId":"338","fileName":"IMG_3923.JPG","size":7647601}
{"timestamp":"2026-09-24T12:44:26.264Z","event":"file.uploaded","actorId":"2","actorUsername":"test","actorEmail":"test@gmail.com","ip":"::1","fileId":"339","fileName":"IMG_3924.JPG","size":8032710}
{"timestamp":"2026-09-24T12:44:26.264Z","event":"file.uploaded","actorId":"2","actorUsername":"test","actorEmail":"test@gmail.com","ip":"::1","fileId":"340","fileName":"IMG_3925.JPG","size":8697978}
{"timestamp":"2026-09-24T12:44:26.265Z","event":"file.uploaded","actorId":"2","actorUsername":"test","actorEmail":"test@gmail.com","ip":"::1","fileId":"341","fileName":"IMG_3926.JPG","size":7915689}
{"timestamp":"2026-09-24T12:44:26.266Z","event":"file.uploaded","actorId":"2","actorUsername":"test","actorEmail":"test@gmail.com","ip":"::1","fileId":"342","fileName":"IMG_3927.JPG","size":8238079}
{"timestamp":"2026-09-24T12:44:26.267Z","event":"file.uploaded","actorId":"2","actorUsername":"test","actorEmail":"test@gmail.com","ip":"::1","fileId":"343","fileName":"IMG_3928.JPG","size":8186164}
{"timestamp":"2026-09-24T12:44:26.267Z","event":"file.uploaded","actorId":"2","actorUsername":"test","actorEmail":"test@gmail.com","ip":"::1","fileId":"344","fileName":"IMG_3929.JPG","size":7944353}
{"timestamp":"2026-09-24T12:44:26.268Z","event":"file.uploaded","actorId":"2","actorUsername":"test","actorEmail":"test@gmail.com","ip":"::1","fileId":"345","fileName":"IMG_3930.JPG","size":7005487}
{"timestamp":"2026-09-24T12:44:26.269Z","event":"file.uploaded","actorId":"2","actorUsername":"test","actorEmail":"test@gmail.com","ip":"::1","fileId":"346","fileName":"IMG_3931.JPG","size":6683833}
{"timestamp":"2026-09-24T12:44:26.269Z","event":"file.uploaded","actorId":"2","actorUsername":"test","actorEmail":"test@gmail.com","ip":"::1","fileId":"347","fileName":"IMG_3932.JPG","size":8145340}
{"timestamp":"2026-09-24T12:44:26.270Z","event":"file.uploaded","actorId":"2","actorUsername":"test","actorEmail":"test@gmail.com","ip":"::1","fileId":"348","fileName":"IMG_3933.JPG","size":8219114}
{"timestamp":"2026-09-24T12:44:26.270Z","event":"file.uploaded","actorId":"2","actorUsername":"test","actorEmail":"test@gmail.com","ip":"::1","fileId":"349","fileName":"IMG_3934.JPG","size":9003301}
{"timestamp":"2026-09-24T12:44:26.271Z","event":"file.uploaded","actorId":"2","actorUsername":"test","actorEmail":"test@gmail.com","ip":"::1","fileId":"350","fileName":"IMG_3935.JPG","size":9446419}
{"timestamp":"2026-09-24T12:44:26.271Z","event":"file.uploaded","actorId":"2","actorUsername":"test","actorEmail":"test@gmail.com","ip":"::1","fileId":"351","fileName":"IMG_3936.JPG","size":9108081}
{"timestamp":"2026-09-24T12:44:26.272Z","event":"file.uploaded","actorId":"2","actorUsername":"test","actorEmail":"test@gmail.com","ip":"::1","fileId":"352","fileName":"IMG_3937.JPG","size":8038505}
{"timestamp":"2026-09-24T12:44:26.272Z","event":"file.uploaded","actorId":"2","actorUsername":"test","actorEmail":"test@gmail.com","ip":"::1","fileId":"353","fileName":"IMG_3938.JPG","size":9042664}
{"timestamp":"2026-09-24T12:44:26.273Z","event":"file.uploaded","actorId":"2","actorUsername":"test","actorEmail":"test@gmail.com","ip":"::1","fileId":"354","fileName":"IMG_3939.JPG","size":8497492}
{"timestamp":"2026-09-24T12:44:26.274Z","event":"file.uploaded","actorId":"2","actorUsername":"test","actorEmail":"test@gmail.com","ip":"::1","fileId":"355","fileName":"IMG_3940.JPG","size":7798972}
{"timestamp":"2026-09-24T12:44:26.274Z","event":"file.uploaded","actorId":"2","actorUsername":"test","actorEmail":"test@gmail.com","ip":"::1","fileId":"356","fileName":"IMG_3941.JPG","size":8011844}
{"timestamp":"2026-09-24T12:44:26.275Z","event":"file.uploaded","actorId":"2","actorUsername":"test","actorEmail":"test@gmail.com","ip":"::1","fileId":"357","fileName":"IMG_3942.JPG","size":8439248}
{"timestamp":"2026-09-24T12:44:26.275Z","event":"file.uploaded","actorId":"2","actorUsername":"test","actorEmail":"test@gmail.com","ip":"::1","fileId":"358","fileName":"IMG_3943.JPG","size":7731559}
{"timestamp":"2026-09-24T12:44:26.276Z","event":"file.uploaded","actorId":"2","actorUsername":"test","actorEmail":"test@gmail.com","ip":"::1","fileId":"359","fileName":"IMG_3944.JPG","size":7810059}
{"timestamp":"2026-09-24T12:44:26.276Z","event":"file.uploaded","actorId":"2","actorUsername":"test","actorEmail":"test@gmail.com","ip":"::1","fileId":"360","fileName":"IMG_3945.JPG","size":8155266}
{"timestamp":"2026-09-24T12:44:26.277Z","event":"file.uploaded","actorId":"2","actorUsername":"test","actorEmail":"test@gmail.com","ip":"::1","fileId":"361","fileName":"IMG_3946.JPG","size":8170636}
{"timestamp":"2026-09-24T12:44:26.277Z","event":"file.uploaded","actorId":"2","actorUsername":"test","actorEmail":"test@gmail.com","ip":"::1","fileId":"362","fileName":"IMG_3947.JPG","size":8394870}
{"timestamp":"2026-09-24T12:44:26.278Z","event":"file.uploaded","actorId":"2","actorUsername":"test","actorEmail":"test@gmail.com","ip":"::1","fileId":"363","fileName":"IMG_3948.JPG","size":8392875}
{"timestamp":"2026-09-24T12:44:26.278Z","event":"file.uploaded","actorId":"2","actorUsername":"test","actorEmail":"test@gmail.com","ip":"::1","fileId":"364","fileName":"IMG_3949.JPG","size":8271006}
{"timestamp":"2026-09-24T12:44:26.279Z","event":"file.uploaded","actorId":"2","actorUsername":"test","actorEmail":"test@gmail.com","ip":"::1","fileId":"365","fileName":"IMG_3950.JPG","size":5187490}
{"timestamp":"2026-09-24T12:44:26.280Z","event":"file.uploaded","actorId":"2","actorUsername":"test","actorEmail":"test@gmail.com","ip":"::1","fileId":"366","fileName":"IMG_3951.JPG","size":8740830}
{"timestamp":"2026-09-24T12:44:26.280Z","event":"file.uploaded","actorId":"2","actorUsername":"test","actorEmail":"test@gmail.com","ip":"::1","fileId":"367","fileName":"IMG_3952.JPG","size":7396787}
{"timestamp":"2026-09-24T12:44:26.281Z","event":"file.uploaded","actorId":"2","actorUsername":"test","actorEmail":"test@gmail.com","ip":"::1","fileId":"368","fileName":"IMG_3953.JPG","size":8443801}
{"timestamp":"2026-09-24T12:44:26.281Z","event":"file.uploaded","actorId":"2","actorUsername":"test","actorEmail":"test@gmail.com","ip":"::1","fileId":"369","fileName":"IMG_3954.JPG","size":8815692}
{"timestamp":"2026-09-24T12:44:26.282Z","event":"file.uploaded","actorId":"2","actorUsername":"test","actorEmail":"test@gmail.com","ip":"::1","fileId":"370","fileName":"IMG_3955.JPG","size":8812866}
{"timestamp":"2026-09-24T12:44:26.282Z","event":"file.uploaded","actorId":"2","actorUsername":"test","actorEmail":"test@gmail.com","ip":"::1","fileId":"371","fileName":"IMG_3956.JPG","size":8403078}
{"timestamp":"2026-09-24T12:44:26.283Z","event":"file.uploaded","actorId":"2","actorUsername":"test","actorEmail":"test@gmail.com","ip":"::1","fileId":"372","fileName":"IMG_3957.JPG","size":8542849}
{"timestamp":"2026-09-24T12:44:26.284Z","event":"file.uploaded","actorId":"2","actorUsername":"test","actorEmail":"test@gmail.com","ip":"::1","fileId":"373","fileName":"IMG_3958.JPG","size":9319897}
{"timestamp":"2026-09-24T12:44:26.284Z","event":"file.uploaded","actorId":"2","actorUsername":"test","actorEmail":"test@gmail.com","ip":"::1","fileId":"374","fileName":"IMG_3959.JPG","size":9560768}
{"timestamp":"2026-09-24T12:44:26.285Z","event":"file.uploaded","actorId":"2","actorUsername":"test","actorEmail":"test@gmail.com","ip":"::1","fileId":"375","fileName":"IMG_3960.JPG","size":9889216}
{"timestamp":"2026-09-24T12:44:26.286Z","event":"file.uploaded","actorId":"2","actorUsername":"test","actorEmail":"test@gmail.com","ip":"::1","fileId":"376","fileName":"IMG_3961.JPG","size":9929921}
{"timestamp":"2026-09-24T12:44:26.286Z","event":"file.uploaded","actorId":"2","actorUsername":"test","actorEmail":"test@gmail.com","ip":"::1","fileId":"377","fileName":"IMG_3962.JPG","size":8780296}
{"timestamp":"2026-09-24T12:44:26.286Z","event":"file.uploaded","actorId":"2","actorUsername":"test","actorEmail":"test@gmail.com","ip":"::1","fileId":"378","fileName":"IMG_3963.JPG","size":9277854}
{"timestamp":"2026-09-24T12:44:26.287Z","event":"file.uploaded","actorId":"2","actorUsername":"test","actorEmail":"test@gmail.com","ip":"::1","fileId":"379","fileName":"IMG_3964.JPG","size":6957314}
{"timestamp":"2026-09-24T12:44:26.287Z","event":"file.uploaded","actorId":"2","actorUsername":"test","actorEmail":"test@gmail.com","ip":"::1","fileId":"380","fileName":"IMG_3965.JPG","size":9195296}
{"timestamp":"2026-09-24T12:44:26.288Z","event":"file.uploaded","actorId":"2","actorUsername":"test","actorEmail":"test@gmail.com","ip":"::1","fileId":"381","fileName":"IMG_3966.JPG","size":9554025}
{"timestamp":"2026-09-24T12:44:26.288Z","event":"file.uploaded","actorId":"2","actorUsername":"test","actorEmail":"test@gmail.com","ip":"::1","fileId":"382","fileName":"IMG_3967.JPG","size":9443697}
{"timestamp":"2026-09-24T12:44:26.289Z","event":"file.uploaded","actorId":"2","actorUsername":"test","actorEmail":"test@gmail.com","ip":"::1","fileId":"383","fileName":"IMG_3968.JPG","size":8994757}
{"timestamp":"2026-09-24T12:44:26.289Z","event":"file.uploaded","actorId":"2","actorUsername":"test","actorEmail":"test@gmail.com","ip":"::1","fileId":"384","fileName":"IMG_3969.JPG","size":9152324}
{"timestamp":"2026-09-24T12:44:26.289Z","event":"file.uploaded","actorId":"2","actorUsername":"test","actorEmail":"test@gmail.com","ip":"::1","fileId":"385","fileName":"IMG_3970.JPG","size":9114984}
{"timestamp":"2026-09-24T12:44:26.290Z","event":"file.uploaded","actorId":"2","actorUsername":"test","actorEmail":"test@gmail.com","ip":"::1","fileId":"386","fileName":"IMG_3971.JPG","size":8018666}
{"timestamp":"2026-09-24T12:44:26.290Z","event":"file.uploaded","actorId":"2","actorUsername":"test","actorEmail":"test@gmail.com","ip":"::1","fileId":"387","fileName":"IMG_3972.JPG","size":8068883}
{"timestamp":"2026-09-24T12:44:26.291Z","event":"file.uploaded","actorId":"2","actorUsername":"test","actorEmail":"test@gmail.com","ip":"::1","fileId":"388","fileName":"IMG_3973.JPG","size":8217127}
{"timestamp":"2026-09-24T12:44:26.292Z","event":"file.uploaded","actorId":"2","actorUsername":"test","actorEmail":"test@gmail.com","ip":"::1","fileId":"389","fileName":"IMG_3974.JPG","size":7716895}
{"timestamp":"2026-09-24T12:44:26.292Z","event":"file.uploaded","actorId":"2","actorUsername":"test","actorEmail":"test@gmail.com","ip":"::1","fileId":"390","fileName":"IMG_3975.JPG","size":7860894}
{"timestamp":"2026-09-24T12:44:26.293Z","event":"file.uploaded","actorId":"2","actorUsername":"test","actorEmail":"test@gmail.com","ip":"::1","fileId":"391","fileName":"IMG_3976.JPG","size":8394850}
{"timestamp":"2026-09-24T12:44:26.293Z","event":"file.uploaded","actorId":"2","actorUsername":"test","actorEmail":"test@gmail.com","ip":"::1","fileId":"392","fileName":"IMG_3977.JPG","size":7243745}
{"timestamp":"2026-09-24T12:44:26.293Z","event":"file.uploaded","actorId":"2","actorUsername":"test","actorEmail":"test@gmail.com","ip":"::1","fileId":"393","fileName":"IMG_3978.JPG","size":7584398}
{"timestamp":"2026-09-24T12:44:26.294Z","event":"file.uploaded","actorId":"2","actorUsername":"test","actorEmail":"test@gmail.com","ip":"::1","fileId":"394","fileName":"IMG_3979.JPG","size":7762033}
{"timestamp":"2026-09-24T12:44:26.294Z","event":"file.uploaded","actorId":"2","actorUsername":"test","actorEmail":"test@gmail.com","ip":"::1","fileId":"395","fileName":"IMG_3980.JPG","size":7794866}
{"timestamp":"2026-09-24T12:44:26.295Z","event":"file.uploaded","actorId":"2","actorUsername":"test","actorEmail":"test@gmail.com","ip":"::1","fileId":"396","fileName":"IMG_3981.JPG","size":7396242}
{"timestamp":"2026-09-24T12:44:26.295Z","event":"file.uploaded","actorId":"2","actorUsername":"test","actorEmail":"test@gmail.com","ip":"::1","fileId":"397","fileName":"IMG_3982.JPG","size":7192919}
{"timestamp":"2026-09-24T12:44:26.296Z","event":"file.uploaded","actorId":"2","actorUsername":"test","actorEmail":"test@gmail.com","ip":"::1","fileId":"398","fileName":"IMG_3983.JPG","size":7848923}
{"timestamp":"2026-09-24T12:44:26.296Z","event":"file.uploaded","actorId":"2","actorUsername":"test","actorEmail":"test@gmail.com","ip":"::1","fileId":"399","fileName":"IMG_3984.JPG","size":8316984}
{"timestamp":"2026-09-24T12:44:26.297Z","event":"file.uploaded","actorId":"2","actorUsername":"test","actorEmail":"test@gmail.com","ip":"::1","fileId":"400","fileName":"IMG_3985.JPG","size":8415686}
{"timestamp":"2026-09-24T12:44:26.297Z","event":"file.uploaded","actorId":"2","actorUsername":"test","actorEmail":"test@gmail.com","ip":"::1","fileId":"401","fileName":"IMG_3986.JPG","size":9570876}
{"timestamp":"2026-09-24T12:44:26.298Z","event":"file.uploaded","actorId":"2","actorUsername":"test","actorEmail":"test@gmail.com","ip":"::1","fileId":"402","fileName":"IMG_3987.JPG","size":9043619}
{"timestamp":"2026-09-24T12:44:26.298Z","event":"file.uploaded","actorId":"2","actorUsername":"test","actorEmail":"test@gmail.com","ip":"::1","fileId":"403","fileName":"IMG_3988.JPG","size":9648430}
{"timestamp":"2026-09-24T12:44:26.299Z","event":"file.uploaded","actorId":"2","actorUsername":"test","actorEmail":"test@gmail.com","ip":"::1","fileId":"404","fileName":"IMG_3989.JPG","size":9708586}
{"timestamp":"2026-09-24T12:44:26.300Z","event":"file.uploaded","actorId":"2","actorUsername":"test","actorEmail":"test@gmail.com","ip":"::1","fileId":"405","fileName":"IMG_3990.JPG","size":9671844}
{"timestamp":"2026-09-24T12:44:26.301Z","event":"file.uploaded","actorId":"2","actorUsername":"test","actorEmail":"test@gmail.com","ip":"::1","fileId":"406","fileName":"IMG_3991.JPG","size":9457366}
{"timestamp":"2026-09-24T12:44:26.301Z","event":"file.uploaded","actorId":"2","actorUsername":"test","actorEmail":"test@gmail.com","ip":"::1","fileId":"407","fileName":"IMG_3992.JPG","size":9417056}
{"timestamp":"2026-09-24T12:44:26.302Z","event":"file.uploaded","actorId":"2","actorUsername":"test","actorEmail":"test@gmail.com","ip":"::1","fileId":"408","fileName":"IMG_3993.JPG","size":8552345}
{"timestamp":"2026-09-24T12:44:26.303Z","event":"file.uploaded","actorId":"2","actorUsername":"test","actorEmail":"test@gmail.com","ip":"::1","fileId":"409","fileName":"IMG_3994.JPG","size":9840740}
{"timestamp":"2026-09-24T12:44:26.303Z","event":"file.uploaded","actorId":"2","actorUsername":"test","actorEmail":"test@gmail.com","ip":"::1","fileId":"410","fileName":"IMG_3995.JPG","size":9943352}
{"timestamp":"2026-09-24T12:44:26.304Z","event":"file.uploaded","actorId":"2","actorUsername":"test","actorEmail":"test@gmail.com","ip":"::1","fileId":"411","fileName":"IMG_3996.JPG","size":9984429}
{"timestamp":"2026-09-24T12:44:26.304Z","event":"file.uploaded","actorId":"2","actorUsername":"test","actorEmail":"test@gmail.com","ip":"::1","fileId":"412","fileName":"IMG_3997.JPG","size":9989905}
{"timestamp":"2026-09-24T12:44:26.304Z","event":"file.uploaded","actorId":"2","actorUsername":"test","actorEmail":"test@gmail.com","ip":"::1","fileId":"413","fileName":"IMG_3998.JPG","size":10295866}
{"timestamp":"2026-09-24T12:44:26.305Z","event":"file.uploaded","actorId":"2","actorUsername":"test","actorEmail":"test@gmail.com","ip":"::1","fileId":"414","fileName":"IMG_3999.JPG","size":10089073}
{"timestamp":"2026-09-24T12:44:26.305Z","event":"file.uploaded","actorId":"2","actorUsername":"test","actorEmail":"test@gmail.com","ip":"::1","fileId":"415","fileName":"IMG_4000.JPG","size":9615176}
{"timestamp":"2026-09-24T12:44:26.306Z","event":"file.uploaded","actorId":"2","actorUsername":"test","actorEmail":"test@gmail.com","ip":"::1","fileId":"416","fileName":"IMG_4001.JPG","size":9047357}
{"timestamp":"2026-09-24T12:44:26.306Z","event":"file.uploaded","actorId":"2","actorUsername":"test","actorEmail":"test@gmail.com","ip":"::1","fileId":"417","fileName":"IMG_4002.JPG","size":8751651}
{"timestamp":"2026-09-24T12:44:26.307Z","event":"file.uploaded","actorId":"2","actorUsername":"test","actorEmail":"test@gmail.com","ip":"::1","fileId":"418","fileName":"IMG_4003.JPG","size":9517868}
{"timestamp":"2026-09-24T12:44:26.307Z","event":"file.uploaded","actorId":"2","actorUsername":"test","actorEmail":"test@gmail.com","ip":"::1","fileId":"419","fileName":"IMG_4004.JPG","size":8277659}
{"timestamp":"2026-09-24T12:44:26.308Z","event":"file.uploaded","actorId":"2","actorUsername":"test","actorEmail":"test@gmail.com","ip":"::1","fileId":"420","fileName":"IMG_4005.JPG","size":10631939}
{"timestamp":"2026-09-24T12:44:26.308Z","event":"file.uploaded","actorId":"2","actorUsername":"test","actorEmail":"test@gmail.com","ip":"::1","fileId":"421","fileName":"IMG_4006.JPG","size":10821017}
{"timestamp":"2026-09-24T12:44:26.308Z","event":"file.uploaded","actorId":"2","actorUsername":"test","actorEmail":"test@gmail.com","ip":"::1","fileId":"422","fileName":"IMG_4007.JPG","size":8401587}
{"timestamp":"2026-09-24T12:44:26.309Z","event":"file.uploaded","actorId":"2","actorUsername":"test","actorEmail":"test@gmail.com","ip":"::1","fileId":"423","fileName":"IMG_4008.JPG","size":9316321}
{"timestamp":"2026-09-24T12:44:26.309Z","event":"file.uploaded","actorId":"2","actorUsername":"test","actorEmail":"test@gmail.com","ip":"::1","fileId":"424","fileName":"IMG_4009.JPG","size":8875481}
{"timestamp":"2026-09-24T12:44:26.310Z","event":"file.uploaded","actorId":"2","actorUsername":"test","actorEmail":"test@gmail.com","ip":"::1","fileId":"425","fileName":"IMG_4010.JPG","size":8836684}
{"timestamp":"2026-09-24T12:44:26.310Z","event":"file.uploaded","actorId":"2","actorUsername":"test","actorEmail":"test@gmail.com","ip":"::1","fileId":"426","fileName":"IMG_4011.JPG","size":9598840}
{"timestamp":"2026-09-24T12:44:26.311Z","event":"file.uploaded","actorId":"2","actorUsername":"test","actorEmail":"test@gmail.com","ip":"::1","fileId":"427","fileName":"IMG_4012.JPG","size":8921666}
{"timestamp":"2026-09-24T12:44:26.311Z","event":"file.uploaded","actorId":"2","actorUsername":"test","actorEmail":"test@gmail.com","ip":"::1","fileId":"428","fileName":"IMG_4013.JPG","size":9663409}
{"timestamp":"2026-09-24T12:44:26.312Z","event":"file.uploaded","actorId":"2","actorUsername":"test","actorEmail":"test@gmail.com","ip":"::1","fileId":"429","fileName":"IMG_4014.JPG","size":8702744}
{"timestamp":"2026-09-24T12:44:26.312Z","event":"file.uploaded","actorId":"2","actorUsername":"test","actorEmail":"test@gmail.com","ip":"::1","fileId":"430","fileName":"IMG_4015.JPG","size":9441740}
{"timestamp":"2026-09-24T12:44:26.313Z","event":"file.uploaded","actorId":"2","actorUsername":"test","actorEmail":"test@gmail.com","ip":"::1","fileId":"431","fileName":"IMG_4016.JPG","size":9310155}
{"timestamp":"2026-09-24T12:44:26.313Z","event":"file.uploaded","actorId":"2","actorUsername":"test","actorEmail":"test@gmail.com","ip":"::1","fileId":"432","fileName":"IMG_4017.JPG","size":8839933}
{"timestamp":"2026-09-24T12:44:26.314Z","event":"file.uploaded","actorId":"2","actorUsername":"test","actorEmail":"test@gmail.com","ip":"::1","fileId":"433","fileName":"IMG_4018.JPG","size":9093858}
{"timestamp":"2026-09-24T12:44:26.314Z","event":"file.uploaded","actorId":"2","actorUsername":"test","actorEmail":"test@gmail.com","ip":"::1","fileId":"434","fileName":"IMG_4021.JPG","size":9579404}
{"timestamp":"2026-09-24T12:44:26.315Z","event":"file.uploaded","actorId":"2","actorUsername":"test","actorEmail":"test@gmail.com","ip":"::1","fileId":"435","fileName":"IMG_4022.JPG","size":9036018}
{"timestamp":"2026-09-24T12:44:26.316Z","event":"file.uploaded","actorId":"2","actorUsername":"test","actorEmail":"test@gmail.com","ip":"::1","fileId":"436","fileName":"IMG_4023.JPG","size":9504465}
{"timestamp":"2026-09-24T12:44:26.320Z","event":"file.uploaded","actorId":"2","actorUsername":"test","actorEmail":"test@gmail.com","ip":"::1","fileId":"437","fileName":"IMG_4024.JPG","size":8922330}
{"timestamp":"2026-09-24T12:44:26.323Z","event":"file.uploaded","actorId":"2","actorUsername":"test","actorEmail":"test@gmail.com","ip":"::1","fileId":"438","fileName":"IMG_4025.JPG","size":9038391}
{"timestamp":"2026-09-24T12:44:26.326Z","event":"file.uploaded","actorId":"2","actorUsername":"test","actorEmail":"test@gmail.com","ip":"::1","fileId":"439","fileName":"IMG_4026.JPG","size":8699948}
{"timestamp":"2026-09-24T12:44:26.328Z","event":"file.uploaded","actorId":"2","actorUsername":"test","actorEmail":"test@gmail.com","ip":"::1","fileId":"440","fileName":"IMG_4027.JPG","size":8419890}
{"timestamp":"2026-09-24T12:44:26.330Z","event":"file.uploaded","actorId":"2","actorUsername":"test","actorEmail":"test@gmail.com","ip":"::1","fileId":"441","fileName":"IMG_4028.JPG","size":8748354}
{"timestamp":"2026-09-24T12:44:26.333Z","event":"file.uploaded","actorId":"2","actorUsername":"test","actorEmail":"test@gmail.com","ip":"::1","fileId":"442","fileName":"IMG_4029.JPG","size":9471556}
{"timestamp":"2026-09-24T12:44:26.336Z","event":"file.uploaded","actorId":"2","actorUsername":"test","actorEmail":"test@gmail.com","ip":"::1","fileId":"443","fileName":"IMG_4030.JPG","size":8668999}
{"timestamp":"2026-09-24T12:44:26.338Z","event":"file.uploaded","actorId":"2","actorUsername":"test","actorEmail":"test@gmail.com","ip":"::1","fileId":"444","fileName":"IMG_4031.JPG","size":8328516}
{"timestamp":"2026-09-24T12:44:26.340Z","event":"file.uploaded","actorId":"2","actorUsername":"test","actorEmail":"test@gmail.com","ip":"::1","fileId":"445","fileName":"IMG_4033.JPG","size":8945599}
{"timestamp":"2026-09-24T12:44:26.342Z","event":"file.uploaded","actorId":"2","actorUsername":"test","actorEmail":"test@gmail.com","ip":"::1","fileId":"446","fileName":"IMG_4034.JPG","size":8261330}
{"timestamp":"2026-09-24T12:44:26.344Z","event":"file.uploaded","actorId":"2","actorUsername":"test","actorEmail":"test@gmail.com","ip":"::1","fileId":"447","fileName":"IMG_4035.JPG","size":8056741}
{"timestamp":"2026-09-24T12:44:26.346Z","event":"file.uploaded","actorId":"2","actorUsername":"test","actorEmail":"test@gmail.com","ip":"::1","fileId":"448","fileName":"IMG_4036.JPG","size":7745225}
{"timestamp":"2026-09-24T12:44:26.348Z","event":"file.uploaded","actorId":"2","actorUsername":"test","actorEmail":"test@gmail.com","ip":"::1","fileId":"449","fileName":"IMG_4037.JPG","size":8141328}
{"timestamp":"2026-09-24T12:44:26.350Z","event":"file.uploaded","actorId":"2","actorUsername":"test","actorEmail":"test@gmail.com","ip":"::1","fileId":"450","fileName":"IMG_4038.JPG","size":7973964}
{"timestamp":"2026-09-24T12:44:26.351Z","event":"file.uploaded","actorId":"2","actorUsername":"test","actorEmail":"test@gmail.com","ip":"::1","fileId":"451","fileName":"IMG_4039.JPG","size":8582888}
{"timestamp":"2026-09-24T12:44:26.355Z","event":"file.uploaded","actorId":"2","actorUsername":"test","actorEmail":"test@gmail.com","ip":"::1","fileId":"452","fileName":"IMG_4040.JPG","size":8776612}
{"timestamp":"2026-09-24T12:44:26.357Z","event":"file.uploaded","actorId":"2","actorUsername":"test","actorEmail":"test@gmail.com","ip":"::1","fileId":"453","fileName":"IMG_4041.JPG","size":8695258}
{"timestamp":"2026-09-24T12:44:26.358Z","event":"file.uploaded","actorId":"2","actorUsername":"test","actorEmail":"test@gmail.com","ip":"::1","fileId":"454","fileName":"IMG_4042.JPG","size":7013596}
{"timestamp":"2026-09-24T12:44:26.360Z","event":"file.uploaded","actorId":"2","actorUsername":"test","actorEmail":"test@gmail.com","ip":"::1","fileId":"455","fileName":"IMG_4043.JPG","size":6612403}
{"timestamp":"2026-09-24T12:44:26.362Z","event":"file.uploaded","actorId":"2","actorUsername":"test","actorEmail":"test@gmail.com","ip":"::1","fileId":"456","fileName":"IMG_4044.JPG","size":6947622}
{"timestamp":"2026-09-24T12:44:26.364Z","event":"file.uploaded","actorId":"2","actorUsername":"test","actorEmail":"test@gmail.com","ip":"::1","fileId":"457","fileName":"IMG_4045.JPG","size":8176642}
{"timestamp":"2026-09-24T12:44:26.364Z","event":"file.uploaded","actorId":"2","actorUsername":"test","actorEmail":"test@gmail.com","ip":"::1","fileId":"458","fileName":"IMG_4046.JPG","size":8584148}
{"timestamp":"2026-09-24T12:44:26.365Z","event":"file.uploaded","actorId":"2","actorUsername":"test","actorEmail":"test@gmail.com","ip":"::1","fileId":"459","fileName":"IMG_4047.JPG","size":9285307}
{"timestamp":"2026-09-24T12:44:26.365Z","event":"file.uploaded","actorId":"2","actorUsername":"test","actorEmail":"test@gmail.com","ip":"::1","fileId":"460","fileName":"IMG_4048.JPG","size":9716363}
{"timestamp":"2026-09-24T12:44:26.366Z","event":"file.uploaded","actorId":"2","actorUsername":"test","actorEmail":"test@gmail.com","ip":"::1","fileId":"461","fileName":"IMG_4049.JPG","size":8989008}
{"timestamp":"2026-09-24T12:44:26.366Z","event":"file.uploaded","actorId":"2","actorUsername":"test","actorEmail":"test@gmail.com","ip":"::1","fileId":"462","fileName":"IMG_4050.JPG","size":8817829}
{"timestamp":"2026-09-24T12:44:26.366Z","event":"file.uploaded","actorId":"2","actorUsername":"test","actorEmail":"test@gmail.com","ip":"::1","fileId":"463","fileName":"IMG_4052.JPG","size":9094968}
{"timestamp":"2026-09-24T12:44:26.367Z","event":"file.uploaded","actorId":"2","actorUsername":"test","actorEmail":"test@gmail.com","ip":"::1","fileId":"464","fileName":"IMG_4053.JPG","size":8632789}
{"timestamp":"2026-09-24T12:44:26.367Z","event":"file.uploaded","actorId":"2","actorUsername":"test","actorEmail":"test@gmail.com","ip":"::1","fileId":"465","fileName":"IMG_4055.JPG","size":7094396}
{"timestamp":"2026-09-24T12:44:26.368Z","event":"file.uploaded","actorId":"2","actorUsername":"test","actorEmail":"test@gmail.com","ip":"::1","fileId":"466","fileName":"IMG_4056.JPG","size":8872920}
{"timestamp":"2026-09-24T12:44:26.369Z","event":"file.uploaded","actorId":"2","actorUsername":"test","actorEmail":"test@gmail.com","ip":"::1","fileId":"467","fileName":"IMG_4057.JPG","size":8138178}
{"timestamp":"2026-09-24T12:44:26.369Z","event":"file.uploaded","actorId":"2","actorUsername":"test","actorEmail":"test@gmail.com","ip":"::1","fileId":"468","fileName":"IMG_4058.JPG","size":8111738}
{"timestamp":"2026-09-24T12:44:26.370Z","event":"file.uploaded","actorId":"2","actorUsername":"test","actorEmail":"test@gmail.com","ip":"::1","fileId":"469","fileName":"IMG_4059.JPG","size":8672266}
{"timestamp":"2026-09-24T12:44:26.370Z","event":"file.uploaded","actorId":"2","actorUsername":"test","actorEmail":"test@gmail.com","ip":"::1","fileId":"470","fileName":"IMG_4060.JPG","size":8077747}
{"timestamp":"2026-09-24T12:44:26.370Z","event":"file.uploaded","actorId":"2","actorUsername":"test","actorEmail":"test@gmail.com","ip":"::1","fileId":"471","fileName":"IMG_4061.JPG","size":9274459}
{"timestamp":"2026-09-24T12:44:26.371Z","event":"file.uploaded","actorId":"2","actorUsername":"test","actorEmail":"test@gmail.com","ip":"::1","fileId":"472","fileName":"IMG_4062.JPG","size":9172820}
{"timestamp":"2026-09-24T12:44:26.371Z","event":"file.uploaded","actorId":"2","actorUsername":"test","actorEmail":"test@gmail.com","ip":"::1","fileId":"473","fileName":"IMG_4063.JPG","size":8509913}
{"timestamp":"2026-09-24T12:44:26.372Z","event":"file.uploaded","actorId":"2","actorUsername":"test","actorEmail":"test@gmail.com","ip":"::1","fileId":"474","fileName":"IMG_4064.JPG","size":8916111}
{"timestamp":"2026-09-24T12:44:26.373Z","event":"file.uploaded","actorId":"2","actorUsername":"test","actorEmail":"test@gmail.com","ip":"::1","fileId":"475","fileName":"IMG_4065.JPG","size":8734104}
{"timestamp":"2026-09-24T12:44:26.373Z","event":"file.uploaded","actorId":"2","actorUsername":"test","actorEmail":"test@gmail.com","ip":"::1","fileId":"476","fileName":"IMG_4066.JPG","size":8838997}
{"timestamp":"2026-09-24T12:44:26.374Z","event":"file.uploaded","actorId":"2","actorUsername":"test","actorEmail":"test@gmail.com","ip":"::1","fileId":"477","fileName":"IMG_4067.JPG","size":9075440}
{"timestamp":"2026-09-24T12:44:26.374Z","event":"file.uploaded","actorId":"2","actorUsername":"test","actorEmail":"test@gmail.com","ip":"::1","fileId":"478","fileName":"IMG_4068.JPG","size":8194149}
{"timestamp":"2026-09-24T12:44:26.375Z","event":"file.uploaded","actorId":"2","actorUsername":"test","actorEmail":"test@gmail.com","ip":"::1","fileId":"479","fileName":"IMG_4069.JPG","size":8931540}
{"timestamp":"2026-09-24T12:44:26.376Z","event":"file.uploaded","actorId":"2","actorUsername":"test","actorEmail":"test@gmail.com","ip":"::1","fileId":"480","fileName":"IMG_4070.JPG","size":9253168}
{"timestamp":"2026-09-24T12:44:26.380Z","event":"file.uploaded","actorId":"2","actorUsername":"test","actorEmail":"test@gmail.com","ip":"::1","fileId":"481","fileName":"IMG_4072.JPG","size":8584383}
{"timestamp":"2026-09-24T12:44:26.382Z","event":"file.uploaded","actorId":"2","actorUsername":"test","actorEmail":"test@gmail.com","ip":"::1","fileId":"482","fileName":"IMG_4074.JPG","size":10599449}
{"timestamp":"2026-09-24T12:44:26.382Z","event":"file.uploaded","actorId":"2","actorUsername":"test","actorEmail":"test@gmail.com","ip":"::1","fileId":"483","fileName":"IMG_4075.JPG","size":9934946}
{"timestamp":"2026-09-24T12:44:26.384Z","event":"file.uploaded","actorId":"2","actorUsername":"test","actorEmail":"test@gmail.com","ip":"::1","fileId":"484","fileName":"IMG_4076.JPG","size":9351880}
{"timestamp":"2026-09-24T12:44:26.384Z","event":"file.uploaded","actorId":"2","actorUsername":"test","actorEmail":"test@gmail.com","ip":"::1","fileId":"485","fileName":"IMG_4077.JPG","size":10780224}
{"timestamp":"2026-09-24T12:44:26.385Z","event":"file.uploaded","actorId":"2","actorUsername":"test","actorEmail":"test@gmail.com","ip":"::1","fileId":"486","fileName":"IMG_4078.JPG","size":7777983}
{"timestamp":"2026-09-24T12:44:26.386Z","event":"file.uploaded","actorId":"2","actorUsername":"test","actorEmail":"test@gmail.com","ip":"::1","fileId":"487","fileName":"IMG_4080.JPG","size":7451245}
{"timestamp":"2026-09-24T12:44:26.387Z","event":"file.uploaded","actorId":"2","actorUsername":"test","actorEmail":"test@gmail.com","ip":"::1","fileId":"488","fileName":"IMG_4081.JPG","size":10680763}
{"timestamp":"2026-09-24T12:44:26.387Z","event":"file.uploaded","actorId":"2","actorUsername":"test","actorEmail":"test@gmail.com","ip":"::1","fileId":"489","fileName":"IMG_4082.JPG","size":8250437}
{"timestamp":"2026-09-24T12:44:26.388Z","event":"file.uploaded","actorId":"2","actorUsername":"test","actorEmail":"test@gmail.com","ip":"::1","fileId":"490","fileName":"IMG_4083.JPG","size":8587709}
{"timestamp":"2026-09-24T12:44:26.388Z","event":"file.uploaded","actorId":"2","actorUsername":"test","actorEmail":"test@gmail.com","ip":"::1","fileId":"491","fileName":"IMG_4084.JPG","size":7191831}
{"timestamp":"2026-09-24T12:44:26.389Z","event":"file.uploaded","actorId":"2","actorUsername":"test","actorEmail":"test@gmail.com","ip":"::1","fileId":"492","fileName":"IMG_4086.JPG","size":10018021}
{"timestamp":"2026-09-24T12:44:26.389Z","event":"file.uploaded","actorId":"2","actorUsername":"test","actorEmail":"test@gmail.com","ip":"::1","fileId":"493","fileName":"IMG_4087.JPG","size":8949680}
{"timestamp":"2026-09-24T12:44:26.390Z","event":"file.uploaded","actorId":"2","actorUsername":"test","actorEmail":"test@gmail.com","ip":"::1","fileId":"494","fileName":"IMG_4088.JPG","size":9831001}
{"timestamp":"2026-09-24T12:44:26.390Z","event":"file.uploaded","actorId":"2","actorUsername":"test","actorEmail":"test@gmail.com","ip":"::1","fileId":"495","fileName":"IMG_4089.JPG","size":9444031}
{"timestamp":"2026-09-24T12:44:26.390Z","event":"file.uploaded","actorId":"2","actorUsername":"test","actorEmail":"test@gmail.com","ip":"::1","fileId":"496","fileName":"IMG_4090.JPG","size":8597996}
{"timestamp":"2026-09-24T12:44:26.391Z","event":"file.uploaded","actorId":"2","actorUsername":"test","actorEmail":"test@gmail.com","ip":"::1","fileId":"497","fileName":"IMG_4091.JPG","size":9439237}
{"timestamp":"2026-09-24T12:44:26.391Z","event":"file.uploaded","actorId":"2","actorUsername":"test","actorEmail":"test@gmail.com","ip":"::1","fileId":"498","fileName":"IMG_4092.JPG","size":9624927}
{"timestamp":"2026-09-24T12:44:26.392Z","event":"file.uploaded","actorId":"2","actorUsername":"test","actorEmail":"test@gmail.com","ip":"::1","fileId":"499","fileName":"IMG_4093.JPG","size":8377844}
{"timestamp":"2026-09-24T12:44:26.392Z","event":"file.uploaded","actorId":"2","actorUsername":"test","actorEmail":"test@gmail.com","ip":"::1","fileId":"500","fileName":"IMG_4094.JPG","size":8006744}
{"timestamp":"2026-09-24T12:44:26.393Z","event":"file.uploaded","actorId":"2","actorUsername":"test","actorEmail":"test@gmail.com","ip":"::1","fileId":"501","fileName":"IMG_4096.JPG","size":8523090}
{"timestamp":"2026-09-24T12:44:26.393Z","event":"file.uploaded","actorId":"2","actorUsername":"test","actorEmail":"test@gmail.com","ip":"::1","fileId":"502","fileName":"IMG_4098.JPG","size":9417010}
{"timestamp":"2026-09-24T12:44:26.394Z","event":"file.uploaded","actorId":"2","actorUsername":"test","actorEmail":"test@gmail.com","ip":"::1","fileId":"503","fileName":"IMG_4099.JPG","size":10271434}
{"timestamp":"2026-09-24T12:44:26.394Z","event":"file.uploaded","actorId":"2","actorUsername":"test","actorEmail":"test@gmail.com","ip":"::1","fileId":"504","fileName":"IMG_4100.JPG","size":9991642}
{"timestamp":"2026-09-24T12:44:26.395Z","event":"file.uploaded","actorId":"2","actorUsername":"test","actorEmail":"test@gmail.com","ip":"::1","fileId":"505","fileName":"IMG_4101.JPG","size":8411502}
{"timestamp":"2026-09-24T12:44:26.395Z","event":"file.uploaded","actorId":"2","actorUsername":"test","actorEmail":"test@gmail.com","ip":"::1","fileId":"506","fileName":"IMG_4102.JPG","size":8303976}
{"timestamp":"2026-09-24T12:44:26.396Z","event":"file.uploaded","actorId":"2","actorUsername":"test","actorEmail":"test@gmail.com","ip":"::1","fileId":"507","fileName":"IMG_4103.JPG","size":8717195}
{"timestamp":"2026-09-24T12:44:26.396Z","event":"file.uploaded","actorId":"2","actorUsername":"test","actorEmail":"test@gmail.com","ip":"::1","fileId":"508","fileName":"IMG_4104.JPG","size":7652428}
{"timestamp":"2026-09-24T12:44:26.397Z","event":"file.uploaded","actorId":"2","actorUsername":"test","actorEmail":"test@gmail.com","ip":"::1","fileId":"509","fileName":"IMG_4105.JPG","size":7810576}
{"timestamp":"2026-09-24T12:44:26.397Z","event":"file.uploaded","actorId":"2","actorUsername":"test","actorEmail":"test@gmail.com","ip":"::1","fileId":"510","fileName":"IMG_4106.JPG","size":9119694}
{"timestamp":"2026-09-24T12:44:26.398Z","event":"file.uploaded","actorId":"2","actorUsername":"test","actorEmail":"test@gmail.com","ip":"::1","fileId":"511","fileName":"IMG_4107.JPG","size":8578677}
{"timestamp":"2026-09-24T12:44:26.398Z","event":"file.uploaded","actorId":"2","actorUsername":"test","actorEmail":"test@gmail.com","ip":"::1","fileId":"512","fileName":"IMG_4108.JPG","size":8238151}
{"timestamp":"2026-09-24T12:44:26.399Z","event":"file.uploaded","actorId":"2","actorUsername":"test","actorEmail":"test@gmail.com","ip":"::1","fileId":"513","fileName":"IMG_4109.JPG","size":7615227}
{"timestamp":"2026-09-24T12:44:26.400Z","event":"file.uploaded","actorId":"2","actorUsername":"test","actorEmail":"test@gmail.com","ip":"::1","fileId":"514","fileName":"IMG_4110.JPG","size":10100343}
{"timestamp":"2026-09-24T12:44:26.400Z","event":"file.uploaded","actorId":"2","actorUsername":"test","actorEmail":"test@gmail.com","ip":"::1","fileId":"515","fileName":"IMG_4111.JPG","size":8539602}
{"timestamp":"2026-09-24T12:44:26.401Z","event":"file.uploaded","actorId":"2","actorUsername":"test","actorEmail":"test@gmail.com","ip":"::1","fileId":"516","fileName":"IMG_4112.JPG","size":7637123}
{"timestamp":"2026-09-24T12:44:26.401Z","event":"file.uploaded","actorId":"2","actorUsername":"test","actorEmail":"test@gmail.com","ip":"::1","fileId":"517","fileName":"IMG_4113.JPG","size":6250991}
{"timestamp":"2026-09-24T12:44:26.402Z","event":"file.uploaded","actorId":"2","actorUsername":"test","actorEmail":"test@gmail.com","ip":"::1","fileId":"518","fileName":"IMG_4114.JPG","size":5787659}
{"timestamp":"2026-09-24T12:44:26.402Z","event":"file.uploaded","actorId":"2","actorUsername":"test","actorEmail":"test@gmail.com","ip":"::1","fileId":"519","fileName":"IMG_4115.JPG","size":7512514}
{"timestamp":"2026-09-24T12:44:26.402Z","event":"file.uploaded","actorId":"2","actorUsername":"test","actorEmail":"test@gmail.com","ip":"::1","fileId":"520","fileName":"IMG_4116.JPG","size":9514653}
{"timestamp":"2026-09-24T12:44:26.403Z","event":"file.uploaded","actorId":"2","actorUsername":"test","actorEmail":"test@gmail.com","ip":"::1","fileId":"521","fileName":"IMG_4117.JPG","size":9458524}
{"timestamp":"2026-09-24T12:44:26.403Z","event":"file.uploaded","actorId":"2","actorUsername":"test","actorEmail":"test@gmail.com","ip":"::1","fileId":"522","fileName":"IMG_4118.JPG","size":8875129}
{"timestamp":"2026-09-24T12:44:26.404Z","event":"file.uploaded","actorId":"2","actorUsername":"test","actorEmail":"test@gmail.com","ip":"::1","fileId":"523","fileName":"IMG_4119.JPG","size":6318225}
{"timestamp":"2026-09-24T12:44:26.404Z","event":"file.uploaded","actorId":"2","actorUsername":"test","actorEmail":"test@gmail.com","ip":"::1","fileId":"524","fileName":"IMG_4120.JPG","size":5222375}
{"timestamp":"2026-09-24T12:44:26.405Z","event":"file.uploaded","actorId":"2","actorUsername":"test","actorEmail":"test@gmail.com","ip":"::1","fileId":"525","fileName":"IMG_4121.JPG","size":6538070}
{"timestamp":"2026-09-24T12:44:26.405Z","event":"file.uploaded","actorId":"2","actorUsername":"test","actorEmail":"test@gmail.com","ip":"::1","fileId":"526","fileName":"IMG_4122.JPG","size":6033202}
{"timestamp":"2026-09-24T12:44:26.405Z","event":"file.uploaded","actorId":"2","actorUsername":"test","actorEmail":"test@gmail.com","ip":"::1","fileId":"527","fileName":"IMG_4123.JPG","size":9415153}
{"timestamp":"2026-09-24T12:44:26.406Z","event":"file.uploaded","actorId":"2","actorUsername":"test","actorEmail":"test@gmail.com","ip":"::1","fileId":"528","fileName":"IMG_4124.JPG","size":9045976}
{"timestamp":"2026-09-24T12:44:26.406Z","event":"file.uploaded","actorId":"2","actorUsername":"test","actorEmail":"test@gmail.com","ip":"::1","fileId":"529","fileName":"IMG_4125.JPG","size":8389390}
{"timestamp":"2026-09-24T12:44:26.407Z","event":"file.uploaded","actorId":"2","actorUsername":"test","actorEmail":"test@gmail.com","ip":"::1","fileId":"530","fileName":"IMG_4126.JPG","size":7921327}
{"timestamp":"2026-09-24T12:44:26.407Z","event":"file.uploaded","actorId":"2","actorUsername":"test","actorEmail":"test@gmail.com","ip":"::1","fileId":"531","fileName":"IMG_4127.JPG","size":6547749}
{"timestamp":"2026-09-24T12:44:26.408Z","event":"file.uploaded","actorId":"2","actorUsername":"test","actorEmail":"test@gmail.com","ip":"::1","fileId":"532","fileName":"IMG_4128.JPG","size":7169749}
{"timestamp":"2026-09-24T12:44:26.408Z","event":"file.uploaded","actorId":"2","actorUsername":"test","actorEmail":"test@gmail.com","ip":"::1","fileId":"533","fileName":"IMG_4129.JPG","size":7844856}
{"timestamp":"2026-09-24T12:44:26.409Z","event":"file.uploaded","actorId":"2","actorUsername":"test","actorEmail":"test@gmail.com","ip":"::1","fileId":"534","fileName":"IMG_4130.JPG","size":8635286}
{"timestamp":"2026-09-24T12:44:26.409Z","event":"file.uploaded","actorId":"2","actorUsername":"test","actorEmail":"test@gmail.com","ip":"::1","fileId":"535","fileName":"IMG_4131.JPG","size":8276521}
{"timestamp":"2026-09-24T12:44:26.410Z","event":"file.uploaded","actorId":"2","actorUsername":"test","actorEmail":"test@gmail.com","ip":"::1","fileId":"536","fileName":"IMG_4132.JPG","size":8371110}
{"timestamp":"2026-09-24T12:44:26.410Z","event":"file.uploaded","actorId":"2","actorUsername":"test","actorEmail":"test@gmail.com","ip":"::1","fileId":"537","fileName":"MVI_3728.MP4","size":219400640}
{"timestamp":"2026-09-24T12:44:26.411Z","event":"file.uploaded","actorId":"2","actorUsername":"test","actorEmail":"test@gmail.com","ip":"::1","fileId":"538","fileName":"MVI_3729.MP4","size":221732560}
{"timestamp":"2026-09-24T12:44:26.411Z","event":"file.uploaded","actorId":"2","actorUsername":"test","actorEmail":"test@gmail.com","ip":"::1","fileId":"539","fileName":"MVI_3739.MP4","size":100128848}
{"timestamp":"2026-09-24T12:46:10.307Z","event":"auth.login_succeeded","userId":"2","username":"test","email":"test@gmail.com","ip":"::1"}
{"timestamp":"2026-09-24T12:46:23.483Z","event":"file.downloaded","actorId":"2","actorUsername":"test","actorEmail":"test@gmail.com","ip":"::1","fileId":"73","fileName":"IMG_3626.JPG","ownerId":"2","size":7256490}
{"timestamp":"2026-09-24T13:18:39.757Z","event":"auth.login_succeeded","userId":"2","username":"test","email":"test@gmail.com","ip":"::1"}
{"timestamp":"2026-09-24T13:21:40.026Z","event":"file.downloaded","actorId":"2","actorUsername":"test","actorEmail":"test@gmail.com","ip":"::1","fileId":"73","fileName":"IMG_3626.JPG","ownerId":"2","size":7256490}
{"timestamp":"2026-09-24T13:24:24.187Z","event":"file.downloaded","actorId":"2","actorUsername":"test","actorEmail":"test@gmail.com","ip":"::1","fileId":"81","fileName":"IMG_3634.JPG","ownerId":"2","size":7297431}
{"timestamp":"2026-09-24T13:25:34.292Z","event":"file.downloaded","actorId":"2","actorUsername":"test","actorEmail":"test@gmail.com","ip":"::1","fileId":"84","fileName":"IMG_3637.JPG","ownerId":"2","size":9046626}
{"timestamp":"2026-09-24T13:26:15.834Z","event":"file.downloaded","actorId":"2","actorUsername":"test","actorEmail":"test@gmail.com","ip":"::1","fileId":"91","fileName":"IMG_3644.JPG","ownerId":"2","size":7945293}
{"timestamp":"2026-09-24T13:29:22.005Z","event":"file.downloaded","actorId":"2","actorUsername":"test","actorEmail":"test@gmail.com","ip":"::1","fileId":"74","fileName":"IMG_3627.JPG","ownerId":"2","size":6389980}
{"timestamp":"2026-09-24T13:29:47.995Z","event":"file.downloaded","actorId":"2","actorUsername":"test","actorEmail":"test@gmail.com","ip":"::1","fileId":"74","fileName":"IMG_3627.JPG","ownerId":"2","size":6389980}
{"timestamp":"2026-09-24T13:29:49.566Z","event":"file.downloaded","actorId":"2","actorUsername":"test","actorEmail":"test@gmail.com","ip":"::1","fileId":"75","fileName":"IMG_3628.JPG","ownerId":"2","size":9451051}
{"timestamp":"2026-09-24T13:29:51.244Z","event":"file.downloaded","actorId":"2","actorUsername":"test","actorEmail":"test@gmail.com","ip":"::1","fileId":"76","fileName":"IMG_3629.JPG","ownerId":"2","size":9644161}
{"timestamp":"2026-09-24T13:30:36.869Z","event":"auth.login_succeeded","userId":"2","username":"test","email":"test@gmail.com","ip":"::1"}
{"timestamp":"2026-09-24T13:33:26.576Z","event":"file.downloaded","actorId":"2","actorUsername":"test","actorEmail":"test@gmail.com","ip":"::1","fileId":"82","fileName":"IMG_3635.JPG","ownerId":"2","size":7459048}
{"timestamp":"2026-09-24T13:33:40.521Z","event":"file.downloaded","actorId":"2","actorUsername":"test","actorEmail":"test@gmail.com","ip":"::1","fileId":"74","fileName":"IMG_3627.JPG","ownerId":"2","size":6389980}
{"timestamp":"2026-09-24T13:35:31.844Z","event":"file.downloaded","actorId":"2","actorUsername":"test","actorEmail":"test@gmail.com","ip":"::1","fileId":"85","fileName":"IMG_3638.JPG","ownerId":"2","size":9664542}
{"timestamp":"2026-09-25T03:44:47.352Z","event":"auth.login_succeeded","userId":"2","username":"test","email":"test@gmail.com","ip":"::1"}
{"timestamp":"2026-09-25T03:47:03.092Z","event":"file.downloaded","actorId":"2","actorUsername":"test","actorEmail":"test@gmail.com","ip":"::1","fileId":"73","fileName":"IMG_3626.JPG","ownerId":"2","size":7256490}
{"timestamp":"2026-09-25T03:47:03.093Z","event":"file.downloaded","actorId":"2","actorUsername":"test","actorEmail":"test@gmail.com","ip":"::1","fileId":"74","fileName":"IMG_3627.JPG","ownerId":"2","size":6389980}
{"timestamp":"2026-09-25T03:47:14.957Z","event":"auth.login_succeeded","userId":"2","username":"test","email":"test@gmail.com","ip":"::1"}
{"timestamp":"2026-09-25T03:47:33.991Z","event":"file.downloaded","actorId":"2","actorUsername":"test","actorEmail":"test@gmail.com","ip":"::1","fileId":"73","fileName":"IMG_3626.JPG","ownerId":"2","size":7256490}
{"timestamp":"2026-09-25T03:47:33.992Z","event":"file.downloaded","actorId":"2","actorUsername":"test","actorEmail":"test@gmail.com","ip":"::1","fileId":"74","fileName":"IMG_3627.JPG","ownerId":"2","size":6389980}
{"timestamp":"2026-09-25T03:47:33.993Z","event":"file.downloaded","actorId":"2","actorUsername":"test","actorEmail":"test@gmail.com","ip":"::1","fileId":"75","fileName":"IMG_3628.JPG","ownerId":"2","size":9451051}
{"timestamp":"2026-09-25T04:29:21.303Z","event":"auth.login_succeeded","userId":"2","username":"test","email":"test@gmail.com","ip":"::1"}
{"timestamp":"2026-09-25T04:51:09.133Z","event":"auth.login_succeeded","userId":"2","username":"test","email":"test@gmail.com","ip":"::1"}
{"timestamp":"2026-09-25T04:55:27.822Z","event":"auth.logout","actorId":"2","actorUsername":"test","actorEmail":"test@gmail.com","ip":"::1"}
{"timestamp":"2026-09-25T05:00:25.672Z","event":"auth.login_succeeded","userId":"2","username":"test","email":"test@gmail.com","ip":"::1"}
{"timestamp":"2026-09-25T05:05:26.251Z","event":"auth.logout","actorId":"2","actorUsername":"test","actorEmail":"test@gmail.com","ip":"::1"}
{"timestamp":"2026-09-25T05:05:35.019Z","event":"auth.login_failed","userId":"2","email":"test@gmail.com","reason":"invalid_password","ip":"::1"}
{"timestamp":"2026-09-25T05:05:38.310Z","event":"auth.login_succeeded","userId":"2","username":"test","email":"test@gmail.com","ip":"::1"}
{"timestamp":"2026-09-25T05:35:35.723Z","event":"file.public_access_changed","actorId":"2","actorUsername":"test","actorEmail":"test@gmail.com","ip":"::1","fileId":"73","enabled":true,"canWrite":false,"canExecute":false}
{"timestamp":"2026-09-25T05:35:44.699Z","event":"file.public_access_changed","actorId":"2","actorUsername":"test","actorEmail":"test@gmail.com","ip":"::1","fileId":"73","enabled":false,"canWrite":false,"canExecute":false}
{"timestamp":"2026-09-25T06:49:02.254Z","event":"auth.logout","actorId":"2","actorUsername":"test","actorEmail":"test@gmail.com","ip":"::1"}
{"timestamp":"2026-09-25T07:05:00.797Z","event":"auth.login_succeeded","userId":"2","username":"test","email":"test@gmail.com","ip":"::1"}
{"timestamp":"2026-09-25T07:05:28.201Z","event":"file.downloaded","actorId":"2","actorUsername":"test","actorEmail":"test@gmail.com","ip":"::1","fileId":"74","fileName":"IMG_3627.JPG","ownerId":"2","size":6389980}
{"timestamp":"2026-09-25T07:05:28.202Z","event":"file.downloaded","actorId":"2","actorUsername":"test","actorEmail":"test@gmail.com","ip":"::1","fileId":"75","fileName":"IMG_3628.JPG","ownerId":"2","size":9451051}
{"timestamp":"2026-09-25T07:05:28.203Z","event":"file.downloaded","actorId":"2","actorUsername":"test","actorEmail":"test@gmail.com","ip":"::1","fileId":"76","fileName":"IMG_3629.JPG","ownerId":"2","size":9644161}
